-3.9582253,900.33716,0.0,0.0,-7.801322E-4,0.0,0.0,0.0,0.0
452.92352,371.50543,0.0,-2.7947006E-8,0.08926733,0.0,-1.8189894E-12,7.304817E-12,0.0
70.56868,283.41415,0.0,0.0,0.01390848,0.0,0.0,0.0,0.0
244.4377,-798.1952,0.0,-3.8097445E-9,0.048176568,0.0,-9.094947E-13,9.814896E-13,0.0
6.629467,-332.32126,0.0,0.0,0.001306611,0.0,0.0,0.0,0.0
8.199453,-164.20894,0.0,0.0,0.0016160418,0.0,0.0,0.0,0.0
-15.15913,-200.35655,0.0,0.0,-0.0029877343,0.0,0.0,0.0,0.0
-22.131622,-287.31403,0.0,0.0,-0.0043619527,0.0,0.0,0.0,0.0
10.607633,-216.94482,0.0,1.3969689E-8,0.0020906534,0.0,-5.1159077E-12,-3.782318E-12,0.0
-91.33148,-435.11694,0.0,0.0,-0.01800065,0.0,0.0,0.0,0.0
8.138008,-406.793,0.0,6.6581576E-9,0.0016039293,0.0,-4.8316906E-13,-1.7607504E-12,0.0
107.10233,93.965164,0.0,0.0,0.02110895,0.0,0.0,0.0,0.0
-1.7057657,993.62976,0.0,1.3463719E-10,-3.3619176E-4,0.0,7.1054274E-15,-3.5227457E-14,0.0
-66.96939,-726.2959,0.0,0.0,-0.013199091,0.0,0.0,0.0,0.0
19.58686,-417.22202,0.0,0.0,0.003860402,0.0,0.0,0.0,0.0
456.78067,197.78235,0.0,0.0,0.09002754,0.0,0.0,0.0,0.0
23.768185,484.92676,0.0,-4.798657E-9,0.0046844925,0.0,-3.2969183E-12,1.1897375E-12,0.0
-475.83453,92.00428,0.0,0.0,-0.093782894,0.0,0.0,0.0,0.0
49.30985,808.9513,0.0,0.0,0.009718548,0.0,0.0,0.0,0.0
60.197292,-725.6531,0.0,-5.2577045E-9,0.011864369,0.0,-2.2737368E-13,1.3767476E-12,0.0
-85.04671,-532.01996,0.0,0.0,-0.016761975,0.0,0.0,0.0,0.0
424.96442,943.7596,0.0,0.0,0.083756834,0.0,0.0,0.0,0.0
-75.801254,139.28842,0.0,0.0,-0.014939776,0.0,0.0,0.0,0.0
232.52719,-120.338486,0.0,-1.7457191E-8,0.04582911,0.0,-9.094947E-13,4.567882E-12,0.0
-18.286228,-218.1333,0.0,0.0,-0.0036040584,0.0,0.0,0.0,0.0
-70.14173,978.85376,0.0,3.4779957E-10,-0.0138243325,0.0,2.2737368E-13,-8.648087E-14,0.0
-41.62844,-961.554,0.0,-2.047236E-8,-0.00820459,0.0,4.774847E-12,5.4831556E-12,0.0
17.929195,273.93057,0.0,-7.1467503E-9,0.0035336819,0.0,-2.3305802E-12,1.8276862E-12,0.0
-7.9714656,187.95459,0.0,0.0,-0.0015711073,0.0,0.0,0.0,0.0
32.631157,267.86966,0.0,0.0,0.0064313207,0.0,0.0,0.0,0.0
210.522,258.15982,0.0,0.0,0.04149208,0.0,0.0,0.0,0.0
15.329169,486.4596,0.0,-4.292624E-4,0.0023862328,0.0,-1.7103423E-7,1.09126155E-7,0.0
44.25442,-208.53806,0.0,0.0,0.008722166,0.0,0.0,0.0,0.0
29.029072,530.5491,0.0,2.2685225E-9,0.0057213795,0.0,-3.410605E-13,-6.0351697E-13,0.0
4.6125054,-671.0751,0.0,0.0,9.0908515E-4,0.0,0.0,0.0,0.0
-31.490685,412.69223,0.0,0.0,-0.006206543,0.0,0.0,0.0,0.0
-40.52491,-20.361834,0.0,1.2855765E-8,-0.007987128,0.0,-4.3201E-12,-3.471768E-12,0.0
-240.07375,935.19446,0.0,1.24566E-9,-0.04731647,0.0,9.094947E-13,-3.076777E-13,0.0
-25.923908,-167.13469,0.0,0.0,-0.0051093795,0.0,0.0,0.0,0.0
-18.98259,-707.63275,0.0,0.0,-0.0037413053,0.0,0.0,0.0,0.0
-332.96384,485.5577,0.0,0.0,-0.06562431,0.0,0.0,0.0,0.0
74.49239,304.4024,0.0,1.9792733E-8,0.014681793,0.0,-5.002221E-12,-5.309474E-12,0.0
48.651516,521.074,0.0,0.0,0.009588796,0.0,0.0,0.0,0.0
-188.78268,621.89606,0.0,0.0,-0.037207443,0.0,0.0,0.0,0.0
1.6942035,-935.2102,0.0,9.1396574E-10,3.339122E-4,0.0,-1.8474111E-13,-2.4417466E-13,0.0
492.656,-451.06665,0.0,-1.0283435E-8,0.09709826,0.0,-1.8189894E-12,2.6630339E-12,0.0
-19.919384,-323.6263,0.0,1.4296705E-9,-0.003925971,0.0,-8.412826E-12,-5.576249E-13,0.0
1.2900233,-950.9923,0.0,0.0,2.5425252E-4,0.0,0.0,0.0,0.0
-123.394905,756.81805,0.0,4.547118E-9,-0.024320075,0.0,4.5474735E-13,-1.1850966E-12,0.0
-58.369457,562.37885,0.0,0.0,-0.011504118,0.0,0.0,0.0,0.0
18.760502,402.76352,0.0,0.0,0.0036975336,0.0,0.0,0.0,0.0
150.5751,-887.67694,0.0,0.0,0.029677058,0.0,0.0,0.0,0.0
3.9903522,-853.542,0.0,1.3634869E-9,7.8646425E-4,0.0,5.684342E-14,-3.570795E-13,0.0
0.7227659,-927.6651,0.0,0.0,1.4245095E-4,0.0,0.0,0.0,0.0
-225.61139,445.83118,0.0,1.1334798E-8,-0.044466063,0.0,9.094947E-13,-2.9589874E-12,0.0
7.9566836,-934.5508,0.0,-1.1861909E-9,0.0015681939,0.0,-2.842171E-14,3.1110276E-13,0.0
-65.59205,-313.72778,0.0,0.0,-0.012927629,0.0,0.0,0.0,0.0
43.901146,-447.7232,0.0,-1.4512908E-8,0.008652538,0.0,-2.2737368E-13,3.808909E-12,0.0
125.36746,-332.7095,0.0,-1.2280962E-8,0.024708848,0.0,-4.5474735E-13,3.217462E-12,0.0
34.67423,-913.2339,0.0,0.0,0.0068339924,0.0,0.0,0.0,0.0
-392.11606,980.95374,0.0,0.0,-0.077282704,0.0,0.0,0.0,0.0
12.264365,161.98593,0.0,-4.3119988E-4,0.0017920608,0.0,-1.6846025E-7,1.0969105E-7,0.0
-237.58495,-724.1504,0.0,0.0,-0.04682595,0.0,0.0,0.0,0.0
-10.220893,54.366203,0.0,4.3244514E-4,-0.0013958578,0.0,1.6675304E-7,-1.10055275E-7,0.0
-66.33627,917.9213,0.0,1.427426E-9,-0.013074309,0.0,2.2737368E-13,-3.701943E-13,0.0
-214.14012,375.9398,0.0,1.3448099E-8,-0.042205177,0.0,9.094947E-13,-3.5143386E-12,0.0
63.46339,927.70966,0.0,0.0,0.012508089,0.0,0.0,0.0,0.0
16.655743,-849.89777,0.0,0.0,0.0032827037,0.0,0.0,0.0,0.0
-159.3687,123.90853,0.0,0.0,-0.0314102,0.0,0.0,0.0,0.0
448.51648,718.4243,0.0,-3.536018E-8,0.08839874,0.0,-1.8189894E-12,9.252914E-12,0.0
-9.275913,961.25464,0.0,1.2046956E-9,-0.0018282027,0.0,5.684342E-14,-3.1535096E-13,0.0
14.474988,21.377193,0.0,0.0,0.0028528958,0.0,0.0,0.0,0.0
-84.466934,-324.20526,0.0,3.617187E-8,-0.016647706,0.0,4.5474735E-13,-9.4957184E-12,0.0
-19.630152,-941.7606,0.0,4.2636818E-4,-0.0032198608,0.0,1.7469756E-7,-1.0828622E-7,0.0
16.86734,213.6713,0.0,2.3322297E-9,0.0033244065,0.0,-3.410605E-13,-6.202585E-13,0.0
-253.69609,165.23091,0.0,0.0,-0.05000132,0.0,0.0,0.0,0.0
4.2624326,-685.27075,0.0,-4.3579336E-4,2.4036378E-4,0.0,-1.6183141E-7,1.1104174E-7,0.0
-61.43445,440.7445,0.0,1.0501973E-8,-0.012108201,0.0,2.2737368E-13,-2.754881E-12,0.0
-154.37329,-630.0513,0.0,0.0,-0.03042565,0.0,0.0,0.0,0.0
92.66317,183.07175,0.0,0.0,0.018263115,0.0,0.0,0.0,0.0
41.220783,366.83524,0.0,0.0,0.008124262,0.0,0.0,0.0,0.0
107.05435,-377.53564,0.0,0.0,0.021099493,0.0,0.0,0.0,0.0
-53.370415,74.82987,0.0,1.999831E-8,-0.01051885,0.0,2.2737368E-13,-5.2504095E-12,0.0
-117.06007,-784.5681,0.0,0.0,-0.023071533,0.0,0.0,0.0,0.0
64.680336,-633.70776,0.0,0.0,0.012747938,0.0,0.0,0.0,0.0
-37.748158,-822.26385,0.0,0.0,-0.0074398373,0.0,0.0,0.0,0.0
-19.5207,-362.23175,0.0,-1.7305142E-8,-0.003847349,0.0,3.2969183E-12,4.6188873E-12,0.0
-217.49097,95.33361,0.0,1.9194632E-8,-0.0428656,0.0,9.094947E-13,-5.0244613E-12,0.0
82.72851,421.01416,0.0,0.0,0.016305078,0.0,0.0,0.0,0.0
95.32994,-217.51532,0.0,0.0,0.018788712,0.0,0.0,0.0,0.0
17.192305,406.69052,0.0,0.0,0.0033884554,0.0,0.0,0.0,0.0
-0.5585551,994.0651,0.0,9.575331E-11,-1.1008641E-4,0.0,1.7763568E-15,-2.5124458E-14,0.0
-16.58237,-397.3398,0.0,0.0,-0.0032682428,0.0,0.0,0.0,0.0
24.88631,-799.65137,0.0,0.0,0.004904878,0.0,0.0,0.0,0.0
134.52327,298.46057,0.0,-2.2270711E-8,0.026513379,0.0,-4.5474735E-13,5.8426536E-12,0.0
22.89957,53.383945,0.0,-6.4730754E-9,0.0045132986,0.0,-2.6147973E-12,1.644506E-12,0.0
-46.867607,-283.49857,0.0,0.0,-0.009237203,0.0,0.0,0.0,0.0
7.719338,-340.5174,0.0,0.0,0.0015214152,0.0,0.0,0.0,0.0
-141.10612,-316.7755,0.0,2.1531225E-8,-0.027810805,0.0,4.5474735E-13,-5.648325E-12,0.0
-18.006086,532.9794,0.0,5.363978E-9,-0.0035488433,0.0,4.5474735E-13,-1.3997581E-12,0.0
-35.616158,-772.3182,0.0,0.0,-0.0070196385,0.0,0.0,0.0,0.0
-1.0353327,954.49927,0.0,-4.0389833E-10,-2.04055E-4,0.0,4.2632564E-14,1.0706176E-13,0.0
-297.85593,-661.5331,0.0,5.1483163E-8,-0.058704842,0.0,1.8189894E-12,-1.348985E-11,0.0
-7.2296276,796.9704,0.0,-2.4179216E-9,-0.0014248992,0.0,-4.5474735E-13,6.2556834E-13,0.0
-11.001706,904.2644,0.0,0.0,-0.0021683418,0.0,0.0,0.0,0.0
-44.990242,442.52267,0.0,0.0,-0.00886719,0.0,0.0,0.0,0.0
137.9124,688.59155,0.0,-2.8250373E-8,0.027181348,0.0,-4.5474735E-13,7.41404E-12,0.0
51.780556,826.5932,0.0,-2.166525E-8,0.010205529,0.0,6.5938366E-12,5.835968E-12,0.0
2.9489994,-938.8797,0.0,3.3448647E-11,5.8122294E-4,0.0,1.2789769E-13,-6.024186E-15,0.0
221.43423,747.25964,0.0,3.641204E-8,0.043642785,0.0,9.094947E-13,-9.548999E-12,0.0
-56.346954,981.2277,0.0,3.8434253E-10,-0.0111055,0.0,2.2737368E-13,-9.608394E-14,0.0
183.67564,40.177765,0.0,-2.6132938E-8,0.03620089,0.0,-9.094947E-13,6.847769E-12,0.0
14.747996,50.999645,0.0,5.053916E-10,0.0029066973,0.0,-1.5916157E-12,-1.6722915E-13,0.0
282.87738,944.0888,0.0,-3.1713956E-8,0.0557527,0.0,-9.094947E-13,8.314396E-12,0.0
347.74698,-493.20636,0.0,0.0,0.06853794,0.0,0.0,0.0,0.0
132.55197,-751.10126,0.0,-4.3325104E-9,0.026124854,0.0,-4.5474735E-13,1.1287003E-12,0.0
-23.523151,321.4726,0.0,0.0,-0.004636211,0.0,0.0,0.0,0.0
60.949265,183.92049,0.0,-4.7064557E-9,0.012012584,0.0,2.046363E-12,1.2810543E-12,0.0
-467.01062,955.12213,0.0,0.0,-0.09204378,0.0,0.0,0.0,0.0
32.66275,-533.4034,0.0,-8.2400655E-9,0.006437547,0.0,-1.1368684E-13,2.1629363E-12,0.0
255.69916,-162.4427,0.0,0.0,0.050396107,0.0,0.0,0.0,0.0
8.465745,-334.83704,0.0,-4.754526E-9,0.001668531,0.0,1.3926638E-12,1.2795507E-12,0.0
-42.29873,-980.06067,0.0,-2.195857E-8,-0.00833675,0.0,-8.867573E-12,5.578703E-12,0.0
13.19927,-385.87866,0.0,0.0,0.0026014626,0.0,0.0,0.0,0.0
-48.5065,-991.78534,0.0,0.0,-0.009560214,0.0,0.0,0.0,0.0
-154.28949,565.6724,0.0,1.2990136E-8,-0.030409131,0.0,9.094947E-13,-3.3939913E-12,0.0
23.84454,759.0715,0.0,0.0,0.004699554,0.0,0.0,0.0,0.0
496.77563,-688.83734,0.0,-5.7808247E-9,0.0979102,0.0,-1.8189894E-12,1.4797995E-12,0.0
52.140236,-552.1771,0.0,-9.908462E-9,0.010276392,0.0,-2.2737368E-13,2.598913E-12,0.0
-292.50497,-366.66846,0.0,0.0,-0.057650216,0.0,0.0,0.0,0.0
139.46552,-465.65887,0.0,-8.840045E-9,0.027487453,0.0,-4.5474735E-13,2.3132286E-12,0.0
100.55464,379.39053,0.0,0.0,0.019818455,0.0,0.0,0.0,0.0
-17.435253,749.8232,0.0,4.138386E-9,-0.0034363384,0.0,5.684342E-14,-1.0862912E-12,0.0
81.44343,-118.69871,0.0,0.0,0.016051799,0.0,0.0,0.0,0.0
-92.59826,-116.34137,0.0,2.7816146E-8,-0.01825032,0.0,4.5474735E-13,-7.299931E-12,0.0
163.92482,313.91974,0.0,-3.6987636E-8,0.032308172,0.0,-9.094947E-13,9.700259E-12,0.0
225.1882,74.12228,0.0,0.0,0.044382658,0.0,0.0,0.0,0.0
-8.93818,190.17238,0.0,4.332059E-4,-0.0011471612,0.0,1.656799E-7,-1.1027843E-7,0.0
-4.4709444,877.6336,0.0,-8.0662516E-10,-8.81184E-4,0.0,1.8474111E-13,2.159668E-13,0.0
42.533634,224.89417,0.0,-6.0904295E-9,0.008383041,0.0,7.2759576E-12,1.7578345E-12,0.0
461.07657,826.0326,0.0,0.0,0.090874225,0.0,0.0,0.0,0.0
-313.1911,527.03766,0.0,0.0,-0.061727274,0.0,0.0,0.0,0.0
27.306065,87.1884,0.0,-1.9386706E-9,0.005381796,0.0,1.364242E-12,5.3896156E-13,0.0
-159.54643,238.98137,0.0,0.0,-0.03144523,0.0,0.0,0.0,0.0
-242.8267,554.92883,0.0,8.457966E-9,-0.047859054,0.0,9.094947E-13,-2.2029889E-12,0.0
-18.441668,-692.35,0.0,-1.8565009E-8,-0.00363467,0.0,6.1390892E-12,5.011427E-12,0.0
42.45955,436.26965,0.0,0.0,0.008368412,0.0,0.0,0.0,0.0
15.994832,228.413,0.0,1.1248494E-8,0.0031524508,0.0,1.9326762E-12,-2.9147964E-12,0.0
-12.367129,641.3611,0.0,0.0,-0.0024374549,0.0,0.0,0.0,0.0
-82.115234,463.50558,0.0,1.507452E-8,-0.016184207,0.0,4.5474735E-13,-3.951577E-12,0.0
-22.84974,505.33557,0.0,0.0,-0.004503487,0.0,0.0,0.0,0.0
-6.376505,404.0306,0.0,0.0,-0.0012567543,0.0,0.0,0.0,0.0
9.414924,-53.669712,0.0,5.1072275E-9,0.0018556168,0.0,4.3201E-12,-1.2487004E-12,0.0
-168.26595,-23.896042,0.0,0.0,-0.03316377,0.0,0.0,0.0,0.0
-157.49347,561.85443,0.0,0.0,-0.031040609,0.0,0.0,0.0,0.0
-112.28925,-588.2677,0.0,3.263534E-8,-0.022131246,0.0,4.5474735E-13,-8.566359E-12,0.0
-262.88623,-674.0915,0.0,2.938624E-8,-0.051812615,0.0,9.094947E-13,-7.702699E-12,0.0
1.4038086,-871.06885,0.0,0.0,2.766786E-4,0.0,0.0,0.0,0.0
37.80985,722.1365,0.0,0.0,0.007451996,0.0,0.0,0.0,0.0
3.7495494,-644.5111,0.0,0.0,7.3900394E-4,0.0,0.0,0.0,0.0
4.4523478,-779.27527,0.0,0.0,8.775195E-4,0.0,0.0,0.0,0.0
296.8052,-361.1775,0.0,-1.98642E-8,0.058497753,0.0,-1.8189894E-12,5.1807486E-12,0.0
73.29625,137.86691,0.0,-1.7909448E-8,0.01444606,0.0,-2.2737368E-13,4.7014805E-12,0.0
-271.44647,-153.26912,0.0,0.0,-0.053499766,0.0,0.0,0.0,0.0
-7.2456,583.3051,0.0,1.1126695E-9,-0.0014280454,0.0,2.842171E-14,-2.9178217E-13,0.0
-453.59332,-423.58664,0.0,2.8965424E-8,-0.089399345,0.0,1.8189894E-12,-7.572446E-12,0.0
141.007,837.31537,0.0,-3.0063934E-8,0.027791267,0.0,-4.5474735E-13,7.890623E-12,0.0
-19.337059,-578.48553,0.0,0.0,-0.003811168,0.0,0.0,0.0,0.0
-318.91107,-288.921,0.0,0.0,-0.06285463,0.0,0.0,0.0,0.0
-1.7476678,980.29785,0.0,0.0,-3.444503E-4,0.0,0.0,0.0,0.0
-20.088856,-990.3272,0.0,4.2604824E-4,-0.0033087954,0.0,1.7508108E-7,-1.0819384E-7,0.0
6.9487095,-915.62976,0.0,-1.7509532E-9,0.0013695309,0.0,-2.842171E-14,4.595158E-13,0.0
-392.88193,-543.19403,0.0,0.0,-0.07743365,0.0,0.0,0.0,0.0
158.90575,827.9694,0.0,0.0,0.031318955,0.0,0.0,0.0,0.0
-15.866718,-543.36395,0.0,4.2892603E-4,-0.0024904213,0.0,1.7149256E-7,-1.0902783E-7,0.0
32.64606,-253.70241,0.0,0.0,0.006434258,0.0,0.0,0.0,0.0
-96.81422,-560.30646,0.0,0.0,-0.01908125,0.0,0.0,0.0,0.0
17.475592,287.60895,0.0,5.5397305E-9,0.0034443054,0.0,4.3201E-12,-1.3623572E-12,0.0
-12.12734,247.6944,0.0,0.0,-0.0023901945,0.0,0.0,0.0,0.0
-135.5983,269.60437,0.0,1.2428147E-8,-0.026725259,0.0,4.5474735E-13,-3.2561408E-12,0.0
69.911,458.01883,0.0,0.0,0.013778858,0.0,0.0,0.0,0.0
4.4521093,-955.7948,0.0,-7.159353E-10,8.7747246E-4,0.0,-1.4210855E-14,1.8783228E-13,0.0
-22.855341,-760.91187,0.0,0.0,-0.004504591,0.0,0.0,0.0,0.0
-204.6274,580.056,0.0,0.0,-0.040330302,0.0,0.0,0.0,0.0
-76.79212,-288.0485,0.0,1.8418959E-8,-0.0151350545,0.0,3.6379788E-12,-4.7616212E-12,0.0
-186.38599,-543.0284,0.0,0.0,-0.036735076,0.0,0.0,0.0,0.0
-74.44513,81.16469,0.0,0.0,-0.0146724945,0.0,0.0,0.0,0.0
59.70633,-265.00754,0.0,0.0,0.011767604,0.0,0.0,0.0,0.0
3.9737873,-715.83734,0.0,-4.3594668E-4,1.8437552E-4,0.0,-1.6159623E-7,1.11087125E-7,0.0
0.9797201,-900.2471,0.0,5.5945104E-10,1.9309507E-4,0.0,1.7763568E-13,-1.4321443E-13,0.0
190.34708,293.88422,0.0,-3.1367634E-8,0.03751577,0.0,-9.094947E-13,8.223386E-12,0.0
376.22272,477.75873,0.0,0.0,0.074150264,0.0,0.0,0.0,0.0
-31.838177,-820.8237,0.0,-6.413692E-10,-0.0062750294,0.0,4.5474735E-13,1.7837819E-13,0.0
33.703087,-813.6459,0.0,-3.1894265E-9,0.0066425884,0.0,-1.1368684E-13,8.3568623E-13,0.0
19.507467,-27.484629,0.0,1.0985189E-9,0.0038447434,0.0,-2.842171E-12,-3.5013894E-13,0.0
313.98337,681.29016,0.0,-4.9419512E-8,0.061883423,0.0,-1.8189894E-12,1.2947546E-11,0.0
-331.0764,-535.9406,0.0,0.0,-0.06525231,0.0,0.0,0.0,0.0
8.26317,-940.9757,0.0,-1.0300585E-9,0.0016285998,0.0,-2.842171E-14,2.7007295E-13,0.0
-40.762127,-200.67798,0.0,0.0,-0.008033865,0.0,0.0,0.0,0.0
5.8732033,-632.40497,0.0,0.0,0.0011575578,0.0,0.0,0.0,0.0
65.43303,145.76697,0.0,-2.0200938E-8,0.012896287,0.0,-2.2737368E-13,5.3036577E-12,0.0
4.696071,-923.96234,0.0,-1.1482378E-9,9.255562E-4,0.0,2.2737368E-13,3.066606E-13,0.0
41.846096,-909.9334,0.0,0.0,0.008247506,0.0,0.0,0.0,0.0
12.44813,-503.62292,0.0,-5.7470704E-9,0.0024534178,0.0,-4.5474735E-13,1.5004304E-12,0.0
302.61618,708.57355,0.0,0.0,0.05964305,0.0,0.0,0.0,0.0
-21.021341,194.45197,0.0,-1.3201054E-8,-0.0041431366,0.0,-3.0695446E-12,3.403937E-12,0.0
259.60583,987.0777,0.0,-3.5320994E-8,0.051166076,0.0,-9.094947E-13,9.2622845E-12,0.0
137.96431,557.54694,0.0,0.0,0.02719158,0.0,0.0,0.0,0.0
-39.437294,-854.71326,0.0,0.0,-0.0077727516,0.0,0.0,0.0,0.0
-0.7479191,978.76855,0.0,0.0,-1.4740843E-4,0.0,0.0,0.0,0.0
162.92209,844.6138,0.0,-5.2246612E-8,0.032110542,0.0,-9.094947E-13,1.3710142E-11,0.0
43.93792,-629.8655,0.0,0.0,0.008659787,0.0,0.0,0.0,0.0
0.31363964,-971.86566,0.0,0.0,6.181568E-5,0.0,0.0,0.0,0.0
-3.6389828,878.98016,0.0,0.0,-7.172122E-4,0.0,0.0,0.0,0.0
7.514243,-311.2296,0.0,8.344055E-9,0.0014809881,0.0,-1.1368684E-12,-2.2176135E-12,0.0
188.88367,-814.9851,0.0,0.0,0.037227347,0.0,0.0,0.0,0.0
134.37944,-735.1705,0.0,-4.547118E-9,0.026485031,0.0,-4.5474735E-13,1.1850966E-12,0.0
97.054245,446.1325,0.0,0.0,0.019128557,0.0,0.0,0.0,0.0
1.9485354,-937.4247,0.0,0.0,3.840396E-4,0.0,0.0,0.0,0.0
-4.2902827,821.9785,0.0,0.0,-8.4557786E-4,0.0,0.0,0.0,0.0
-48.150898,681.6161,0.0,0.0,-0.009490128,0.0,0.0,0.0,0.0
159.25652,947.25195,0.0,-5.6423225E-8,0.03138809,0.0,-9.094947E-13,1.4807709E-11,0.0
20.054842,986.7167,0.0,-4.2606253E-4,0.0033021779,0.0,-1.7505846E-7,1.0819808E-7,0.0
31.630875,-646.83997,0.0,-6.4402457E-9,0.006234173,0.0,-1.1368684E-13,1.6899642E-12,0.0
90.35367,-977.0407,0.0,0.0,0.01780793,0.0,0.0,0.0,0.0
46.79912,-415.62915,0.0,-1.4405346E-8,0.009223704,0.0,-2.2737368E-13,3.780643E-12,0.0
1.2135506,-927.04895,0.0,0.0,2.3918039E-4,0.0,0.0,0.0,0.0
-12.064934,302.33127,0.0,0.0,-0.0023778947,0.0,0.0,0.0,0.0
104.347885,213.59897,0.0,-2.6834556E-8,0.02056607,0.0,-4.5474735E-13,7.04198E-12,0.0
316.42337,519.805,0.0,0.0,0.062364325,0.0,0.0,0.0,0.0
-9.340048,309.47382,0.0,0.0,-0.0018408431,0.0,0.0,0.0,0.0
153.94527,-526.5172,0.0,0.0,0.030341288,0.0,0.0,0.0,0.0
-264.29623,29.959915,0.0,1.6936792E-8,-0.052090514,0.0,9.094947E-13,-4.431127E-12,0.0
-18.3869,601.0721,0.0,-5.6744596E-9,-0.0036238988,0.0,2.2737368E-13,1.4960997E-12,0.0
-315.01877,-70.17992,0.0,0.0,-0.06208749,0.0,0.0,0.0,0.0
-5.8837533,822.9006,0.0,0.0,-0.0011596372,0.0,0.0,0.0,0.0
-188.68668,-836.24786,0.0,0.0,-0.037188523,0.0,0.0,0.0,0.0
427.93417,577.5048,0.0,-3.4021713E-8,0.084342144,0.0,-1.8189894E-12,8.901181E-12,0.0
4.5055747,-805.1852,0.0,4.082275E-10,8.8801014E-4,0.0,1.4210855E-14,-1.069702E-13,0.0
-147.8743,369.06195,0.0,0.0,-0.029144753,0.0,0.0,0.0,0.0
-104.62934,436.41736,0.0,0.0,-0.020621544,0.0,0.0,0.0,0.0
-407.46725,890.00836,0.0,0.0,-0.080308296,0.0,0.0,0.0,0.0
3.9662588,-716.6328,0.0,-4.3594965E-4,1.8292126E-4,0.0,-1.615885E-7,1.1108807E-7,0.0
-24.265387,-748.2457,0.0,5.165292E-9,-0.00478246,0.0,1.0231815E-11,-1.1361207E-12,0.0
112.35225,-569.5395,0.0,0.0,0.022143662,0.0,0.0,0.0,0.0
4.430726,-547.74005,0.0,3.9070573E-9,8.732517E-4,0.0,-1.6058266E-12,-1.0617624E-12,0.0
256.81604,-214.17113,0.0,0.0,0.050616235,0.0,0.0,0.0,0.0
90.1345,-287.18463,0.0,-1.8246883E-8,0.017764734,0.0,-4.5474735E-13,4.7852377E-12,0.0
-153.95468,982.76843,0.0,0.0,-0.030343143,0.0,0.0,0.0,0.0
-19.913578,-971.76263,0.0,4.261566E-4,-0.0032747912,0.0,1.7493988E-7,-1.0822537E-7,0.0
-153.37723,735.10785,0.0,7.969687E-9,-0.030229332,0.0,9.094947E-13,-2.0746749E-12,0.0
187.95932,647.7631,0.0,0.0,0.037045166,0.0,0.0,0.0,0.0
477.52267,-733.53326,0.0,0.0,0.094115615,0.0,0.0,0.0,0.0
-92.13335,-560.821,0.0,3.9087553E-8,-0.018158691,0.0,4.5474735E-13,-1.0261927E-11,0.0
-296.61398,938.66187,0.0,1.9085427E-9,-0.058460064,0.0,1.8189894E-12,-4.6220823E-13,0.0
-26.624918,971.92413,0.0,0.0,-0.0052475426,0.0,0.0,0.0,0.0
173.21999,462.52618,0.0,0.0,0.03414017,0.0,0.0,0.0,0.0
-40.121796,-188.84877,0.0,0.0,-0.007907661,0.0,0.0,0.0,0.0
-42.321144,-980.4381,0.0,0.0,-0.008341134,0.0,0.0,0.0,0.0
19.132317,-430.7447,0.0,0.0,0.0037708152,0.0,0.0,0.0,0.0
390.50085,-820.6001,0.0,0.0,0.07696436,0.0,0.0,0.0,0.0
-14.997303,893.85065,0.0,0.0,-0.0029558395,0.0,0.0,0.0,0.0
21.969854,-568.8277,0.0,0.0,0.0043300693,0.0,0.0,0.0,0.0
32.79507,-428.88126,0.0,-1.0045231E-8,0.0064636264,0.0,-1.1368684E-13,2.6373131E-12,0.0
-38.717865,-211.641,0.0,0.0,-0.007630958,0.0,0.0,0.0,0.0
-166.12656,610.284,0.0,0.0,-0.032742117,0.0,0.0,0.0,0.0
-30.245245,-820.9821,0.0,0.0,-0.0059610778,0.0,0.0,0.0,0.0
29.352009,906.0371,0.0,0.0,0.0057850285,0.0,0.0,0.0,0.0
-313.67398,-532.80664,0.0,0.0,-0.061822444,0.0,0.0,0.0,0.0
-8.228958,311.6369,0.0,0.0,-0.0016218569,0.0,0.0,0.0,0.0
0.33837557,-997.57214,0.0,0.0,6.669092E-5,0.0,0.0,0.0,0.0
-17.286182,-207.861,0.0,0.0,-0.003406958,0.0,0.0,0.0,0.0
34.19858,-216.55742,0.0,0.0,0.0067402464,0.0,0.0,0.0,0.0
7.555883,-351.71207,0.0,-4.8327E-9,0.0014892063,0.0,1.7053026E-12,1.307162E-12,0.0
207.64357,689.8291,0.0,-3.755406E-8,0.04092476,0.0,-9.094947E-13,9.8491085E-12,0.0
133.70609,-368.79202,0.0,0.0,0.02635232,0.0,0.0,0.0,0.0
-35.169422,84.48367,0.0,0.0,-0.006931591,0.0,0.0,0.0,0.0
328.88074,552.60095,0.0,0.0,0.06481957,0.0,0.0,0.0,0.0
27.907848,862.6071,0.0,0.0,0.005500397,0.0,0.0,0.0,0.0
24.812222,943.0473,0.0,0.0,0.0048902757,0.0,0.0,0.0,0.0
-37.2141,-617.8086,0.0,0.0,-0.0073345792,0.0,0.0,0.0,0.0
213.4456,-758.98627,0.0,-5.2106004E-9,0.04206829,0.0,-9.094947E-13,1.3496186E-12,0.0
378.981,569.8666,0.0,0.0,0.074693896,0.0,0.0,0.0,0.0
20.036339,-867.20056,0.0,0.0,0.0039489903,0.0,0.0,0.0,0.0
297.2529,-980.8408,0.0,0.0,0.05858599,0.0,0.0,0.0,0.0
483.17398,561.1516,0.0,-2.9819756E-8,0.09522944,0.0,-1.8189894E-12,7.796955E-12,0.0
408.62955,-174.91837,0.0,-1.8635008E-8,0.08053737,0.0,-1.8189894E-12,4.8577314E-12,0.0
-19.413889,-80.0069,0.0,0.0,-0.0038263106,0.0,0.0,0.0,0.0
-38.327633,263.53418,0.0,-5.3903793E-9,-0.0075540436,0.0,1.1368684E-12,1.4411142E-12,0.0
-329.9173,-584.61755,0.0,4.4328367E-8,-0.06502386,0.0,1.8189894E-12,-1.1609652E-11,0.0
-413.05423,-792.20325,0.0,0.0,-0.08140944,0.0,0.0,0.0,0.0
26.349009,279.58813,0.0,0.0,0.005193163,0.0,0.0,0.0,0.0
46.401024,477.54172,0.0,0.0,0.009145243,0.0,0.0,0.0,0.0
-270.05392,-547.8536,0.0,0.0,-0.053225305,0.0,0.0,0.0,0.0
-8.7231245,275.30795,0.0,-5.1561466E-9,-0.001719258,0.0,-1.3926638E-12,1.3248604E-12,0.0
18.060976,666.34,0.0,-1.4138167E-8,0.0035596688,0.0,1.3073986E-12,3.744235E-12,0.0
-128.00307,26.294176,0.0,0.0,-0.025228305,0.0,0.0,0.0,0.0
46.46492,191.90279,0.0,0.0,0.009157836,0.0,0.0,0.0,0.0
34.752728,373.66907,0.0,2.9810763E-9,0.0068494673,0.0,9.094947E-13,-7.637252E-13,0.0
-38.759647,587.58014,0.0,0.0,-0.0076391934,0.0,0.0,0.0,0.0
-8.903341,183.09785,0.0,6.4579666E-9,-0.0017547655,0.0,1.8189894E-12,-1.6583592E-12,0.0
-27.449709,-79.16521,0.0,-4.620742E-9,-0.0054100836,0.0,4.774847E-12,1.3175321E-12,0.0
49.019516,-213.8685,0.0,0.0,0.009661325,0.0,0.0,0.0,0.0
15.237331,-519.6082,0.0,2.5937505E-9,0.0030031474,0.0,1.1368684E-13,-6.7914945E-13,0.0
13.792603,104.41984,0.0,1.7990252E-9,0.0027183907,0.0,-3.3537617E-12,-5.4528685E-13,0.0
-348.72675,-438.60632,0.0,3.807318E-8,-0.06873104,0.0,1.8189894E-12,-9.96586E-12,0.0
30.95253,301.6535,0.0,7.812203E-9,0.006100467,0.0,-2.842171E-12,-2.1144182E-12,0.0
28.56964,-286.69437,0.0,0.0,0.0056308303,0.0,0.0,0.0,0.0
369.476,499.35342,0.0,-3.7452452E-8,0.072820544,0.0,-1.8189894E-12,9.802739E-12,0.0
248.09807,-313.90018,0.0,-1.2761348E-8,0.048897997,0.0,-9.094947E-13,3.3338686E-12,0.0
-377.8553,174.28717,0.0,0.0,-0.074472025,0.0,0.0,0.0,0.0
419.46237,877.1469,0.0,0.0,0.082672425,0.0,0.0,0.0,0.0
-39.721607,800.45355,0.0,0.0,-0.007828787,0.0,0.0,0.0,0.0
113.34699,-640.6833,0.0,0.0,0.022339718,0.0,0.0,0.0,0.0
-418.14816,-994.51917,0.0,4.402206E-8,-0.082413405,0.0,1.8189894E-12,-1.1529157E-11,0.0
92.50563,738.7164,0.0,-2.9795704E-8,0.01823207,0.0,1.364242E-12,7.85947E-12,0.0
-64.92579,27.3064,0.0,1.728349E-8,-0.012796314,0.0,2.2737368E-13,-4.5369862E-12,0.0
10.02419,-622.2148,0.0,0.0,0.0019756816,0.0,0.0,0.0,0.0
95.3654,-591.36707,0.0,-9.886543E-9,0.0187957,0.0,-4.5474735E-13,2.5882363E-12,0.0
-31.350325,74.50111,0.0,-5.53727E-9,-0.006178873,0.0,1.7053026E-12,1.4920076E-12,0.0
-17.125607,952.9214,0.0,7.928496E-10,-0.0033753098,0.0,5.684342E-14,-2.0712257E-13,0.0
260.29807,389.67664,0.0,-2.463629E-8,0.05130251,0.0,-9.094947E-13,6.4544667E-12,0.0
-269.02533,831.4922,0.0,2.8904124E-9,-0.05302258,0.0,9.094947E-13,-7.3989973E-13,0.0
-15.532136,-16.434925,0.0,0.0,-0.0030612506,0.0,0.0,0.0,0.0
0.63800615,-944.3744,0.0,-6.3514555E-10,1.2574684E-4,0.0,3.375078E-13,1.7424584E-13,0.0
-105.31002,-349.76422,0.0,2.9572696E-8,-0.020755699,0.0,4.5474735E-13,-7.761532E-12,0.0
341.9205,-603.59515,0.0,0.0,0.06738959,0.0,0.0,0.0,0.0
2.086103,-837.4585,0.0,1.7681473E-10,4.1115386E-4,0.0,2.2737368E-13,-4.154802E-14,0.0
-195.25629,-699.0904,0.0,0.0,-0.038483337,0.0,0.0,0.0,0.0
2.0860434,-846.98944,0.0,-1.2743805E-9,4.1114123E-4,0.0,-7.1054274E-15,3.3473894E-13,0.0
23.209333,-888.9093,0.0,-2.7609346E-9,0.00457436,0.0,-1.1368684E-13,7.230835E-13,0.0
9.73189,-370.492,0.0,-7.999728E-9,0.0019180774,0.0,1.364242E-12,2.1323525E-12,0.0
-21.932718,-425.2774,0.0,-1.0100061E-8,-0.004322732,0.0,4.888534E-12,2.7598926E-12,0.0
-38.856743,-599.8908,0.0,0.0,-0.00765833,0.0,0.0,0.0,0.0
-70.68658,979.802,0.0,0.0,-0.013931717,0.0,0.0,0.0,0.0
-30.725203,-136.8449,0.0,-2.395161E-9,-0.006055685,0.0,-3.0695446E-12,5.630432E-13,0.0
302.29825,-364.44287,0.0,0.0,0.059580386,0.0,0.0,0.0,0.0
-101.75842,273.1412,0.0,1.6480936E-8,-0.02005571,0.0,4.5474735E-13,-4.321167E-12,0.0
-2.4172664,872.66254,0.0,0.0,-4.7642243E-4,0.0,0.0,0.0,0.0
-16.389965,466.36746,0.0,0.0,-0.0032303212,0.0,0.0,0.0,0.0
150.71703,-111.26275,0.0,0.0,0.029705029,0.0,0.0,0.0,0.0
17.275331,614.33545,0.0,7.08934E-9,0.0034047985,0.0,-5.456968E-12,-1.9810017E-12,0.0
-10.599496,10.810742,0.0,1.9602478E-8,-0.0020890876,0.0,-4.49063E-12,-5.2496436E-12,0.0
21.566032,-608.45245,0.0,-9.710358E-9,0.00425048,0.0,1.1368684E-13,2.554229E-12,0.0
-11.802026,661.7916,0.0,-1.7691213E-9,-0.0023260757,0.0,5.684342E-13,4.771969E-13,0.0
111.838875,-428.70654,0.0,0.0,0.022042481,0.0,0.0,0.0,0.0
-46.78744,191.90672,0.0,1.9925261E-8,-0.009221402,0.0,2.2737368E-13,-5.231213E-12,0.0
35.25615,-918.42365,0.0,-1.3346652E-9,0.006948684,0.0,-1.1368684E-13,3.4827626E-13,0.0
155.69853,728.92395,0.0,0.0,0.030686842,0.0,0.0,0.0,0.0
-16.67727,-421.65665,0.0,1.7208391E-8,-0.0032869382,0.0,2.5011104E-12,-4.469311E-12,0.0
-33.08082,-711.95276,0.0,0.0,-0.006519945,0.0,0.0,0.0,0.0
-18.137396,905.2239,0.0,0.0,-0.0035747248,0.0,0.0,0.0,0.0
-37.513912,-691.3575,0.0,0.0,-0.0073936693,0.0,0.0,0.0,0.0
294.53278,-271.9112,0.0,0.0,0.058049876,0.0,0.0,0.0,0.0
-96.06469,801.2466,0.0,4.773678E-9,-0.018933523,0.0,4.5474735E-13,-1.2446341E-12,0.0
-22.683382,-390.55966,0.0,0.0,-0.0044706995,0.0,0.0,0.0,0.0
41.395844,326.78763,0.0,0.0,0.008158765,0.0,0.0,0.0,0.0
-350.5838,-94.759926,0.0,0.0,-0.06909705,0.0,0.0,0.0,0.0
-13.959349,-333.4181,0.0,0.0,-0.0027512675,0.0,0.0,0.0,0.0
30.407726,-751.4737,0.0,-4.7144466E-9,0.0059931013,0.0,-1.1368684E-13,1.236444E-12,0.0
-19.31393,270.93903,0.0,0.0,-0.0038066097,0.0,0.0,0.0,0.0
8.719147,-850.6487,0.0,0.0,0.0017184688,0.0,0.0,0.0,0.0
-172.49388,-367.22574,0.0,-3.657624E-8,-0.033997063,0.0,-9.094947E-13,9.592148E-12,0.0
-6.0102344,499.8228,0.0,0.0,-0.0011845655,0.0,0.0,0.0,0.0
151.9494,-142.09256,0.0,-2.6053975E-8,0.02994792,0.0,-9.094947E-13,6.827018E-12,0.0
439.51816,72.68713,0.0,-2.2524686E-8,0.08662525,0.0,-1.8189894E-12,5.8798942E-12,0.0
46.303688,-892.11975,0.0,0.0,0.009126059,0.0,0.0,0.0,0.0
-61.06031,-439.00873,0.0,-1.2031621E-8,-0.0120344665,0.0,-1.1368684E-12,3.1371876E-12,0.0
18.953562,334.22775,0.0,1.4626157E-10,0.0037355889,0.0,1.2505552E-12,-1.139312E-14,0.0
205.32817,-941.3295,0.0,0.0,0.040468417,0.0,0.0,0.0,0.0
365.4517,-837.9722,0.0,0.0,0.072027385,0.0,0.0,0.0,0.0
-16.724884,-396.82504,0.0,0.0,-0.0032963308,0.0,0.0,0.0,0.0
28.478205,543.36176,0.0,0.0,0.005612809,0.0,0.0,0.0,0.0
-128.54797,397.27618,0.0,0.0,-0.025335701,0.0,0.0,0.0,0.0
-159.89363,245.16406,0.0,0.0,-0.03151366,0.0,0.0,0.0,0.0
-102.6879,406.30176,0.0,0.0,-0.020238902,0.0,0.0,0.0,0.0
-34.27547,396.61905,0.0,1.0154306E-8,-0.0067554004,0.0,1.1368684E-13,-2.6659766E-12,0.0
336.609,973.93164,0.0,0.0,0.06634274,0.0,0.0,0.0,0.0
-9.441673,347.022,0.0,0.0,-0.0018608726,0.0,0.0,0.0,0.0
-9.607676,15.006943,0.0,1.32085605E-8,-0.0018935949,0.0,-1.080025E-12,-3.4950278E-12,0.0
-31.826973,-660.6915,0.0,0.0,-0.0062728226,0.0,0.0,0.0,0.0
134.14543,-247.20392,0.0,-1.2948027E-8,0.02643891,0.0,-4.5474735E-13,3.3927592E-12,0.0
-28.772346,-907.418,0.0,-1.12351355E-8,-0.0056707533,0.0,7.3896445E-12,3.1134919E-12,0.0
-9.808838,129.49646,0.0,0.0,-0.0019332377,0.0,0.0,0.0,0.0
70.07069,770.9686,0.0,0.0,0.01381033,0.0,0.0,0.0,0.0
10.121286,-966.69666,0.0,0.0,0.0019948184,0.0,0.0,0.0,0.0
-360.38828,-334.29834,0.0,0.0,-0.07102943,0.0,0.0,0.0,0.0
-33.889114,422.20685,0.0,0.0,-0.006679253,0.0,0.0,0.0,0.0
-12.399535,-176.2976,0.0,4.3112223E-4,-0.0018182779,0.0,1.6857075E-7,-1.0966826E-7,0.0
-6.272163,383.5958,0.0,4.797284E-10,-0.0012362052,0.0,-4.1495696E-12,-2.1579987E-13,0.0
20.2896,-831.311,0.0,0.0,0.003998906,0.0,0.0,0.0,0.0
9.145021,-258.00693,0.0,1.8193109E-9,0.0018023998,0.0,-1.4210855E-12,-5.0882443E-13,0.0
-366.23145,-279.21658,0.0,3.2236727E-8,-0.07218107,0.0,1.8189894E-12,-8.4321074E-12,0.0
133.06136,446.37204,0.0,-2.508019E-8,0.026225248,0.0,-4.5474735E-13,6.5809524E-12,0.0
-11.184069,3.344006,0.0,2.2923283E-9,-0.0022042678,0.0,4.2632564E-12,-5.102064E-13,0.0
-94.66827,-810.2469,0.0,1.2278697E-8,-0.018658316,0.0,-3.6379788E-12,-3.3053707E-12,0.0
-184.56084,997.0067,0.0,0.0,-0.036375355,0.0,0.0,0.0,0.0
4.940033,-626.92017,0.0,0.0,9.7363803E-4,0.0,0.0,0.0,0.0
-215.96205,-681.5863,0.0,3.5931407E-8,-0.04256426,0.0,9.094947E-13,-9.422694E-12,0.0
-22.08358,-647.4988,0.0,0.0,-0.004352484,0.0,0.0,0.0,0.0
-289.73,-381.9796,0.0,2.201103E-8,-0.057103295,0.0,9.094947E-13,-5.7645785E-12,0.0
17.803469,748.3797,0.0,-4.2761766E-4,0.0028657906,0.0,-1.7314642E-7,1.0864817E-7,0.0
-31.274254,-379.6983,0.0,1.1836306E-8,-0.0061638635,0.0,6.252776E-12,-2.9752318E-12,0.0
-163.95985,519.48175,0.0,0.0,-0.03231508,0.0,0.0,0.0,0.0
-241.87119,700.7286,0.0,5.709704E-9,-0.04767073,0.0,9.094947E-13,-1.4807772E-12,0.0
-17.145336,-148.78854,0.0,-6.3863093E-9,-0.0033792024,0.0,-1.080025E-12,1.6548937E-12,0.0
-13.809622,315.1664,0.0,0.0,-0.0027217576,0.0,0.0,0.0,0.0
-2.4424791,818.8409,0.0,0.0,-4.8139165E-4,0.0,0.0,0.0,0.0
339.88553,-377.03177,0.0,-1.6915932E-8,0.06698851,0.0,-1.8189894E-12,4.4059778E-12,0.0
-28.4577,-83.49998,0.0,0.0,-0.005608768,0.0,0.0,0.0,0.0
15.345783,-183.48657,0.0,2.3741442E-9,0.003024529,0.0,1.8189894E-12,-5.8456294E-13,0.0
-344.1583,-837.38916,0.0,0.0,-0.06783064,0.0,0.0,0.0,0.0
-149.34671,624.0622,0.0,0.0,-0.029434953,0.0,0.0,0.0,0.0
79.97608,-955.3719,0.0,-1.287513E-9,0.015762597,0.0,-4.5474735E-13,3.285099E-13,0.0
3.5840745,-659.379,0.0,1.971382E-9,7.0639484E-4,0.0,1.2221335E-12,-4.9178207E-13,0.0
96.59022,-883.54004,0.0,0.0,0.019037101,0.0,0.0,0.0,0.0
110.04162,-376.8206,0.0,-1.3066469E-8,0.021688256,0.0,-4.5474735E-13,3.4238844E-12,0.0
44.12383,-330.23642,0.0,0.0,0.008696428,0.0,0.0,0.0,0.0
111.49031,440.14032,0.0,0.0,0.021973781,0.0,0.0,0.0,0.0
29.413034,434.3363,0.0,8.0467405E-10,0.00579704,0.0,-4.206413E-12,-3.0242107E-13,0.0
-19.05811,782.0209,0.0,4.6695275E-10,-0.0037561916,0.0,-4.5474735E-13,-1.3254355E-13,0.0
462.48645,637.879,0.0,-3.2684767E-8,0.0911521,0.0,-1.8189894E-12,8.549847E-12,0.0
2.2358444,-899.8768,0.0,-4.3684166E-4,-1.5272426E-4,0.0,-1.601781E-7,1.1135302E-7,0.0
225.81285,583.5887,0.0,0.0,0.04450577,0.0,0.0,0.0,0.0
6.2204003,-373.05167,0.0,0.0,0.0012259874,0.0,0.0,0.0,0.0
-66.16169,-814.03674,0.0,0.0,-0.0130399,0.0,0.0,0.0,0.0
-28.84209,-617.1612,0.0,0.0,-0.005684528,0.0,0.0,0.0,0.0
-25.632202,416.5605,0.0,-4.1277057E-9,-0.005051889,0.0,-5.684342E-13,1.0724216E-12,0.0
0.39166212,-970.6403,0.0,0.0,7.719324E-5,0.0,0.0,0.0,0.0
-67.90388,-150.35117,0.0,1.9543776E-8,-0.01338327,0.0,2.2737368E-13,-5.1309634E-12,0.0
-9.22513,61.34914,0.0,0.0,-0.0018181938,0.0,0.0,0.0,0.0
-10.287523,47.315475,0.0,4.3240047E-4,-0.001408763,0.0,1.6681221E-7,-1.1004225E-7,0.0
256.97232,-451.15945,0.0,0.0,0.050647035,0.0,0.0,0.0,0.0
429.43747,-540.7347,0.0,0.0,0.08463843,0.0,0.0,0.0,0.0
100.74955,957.02686,0.0,0.0,0.01985687,0.0,0.0,0.0,0.0
6.850004,-594.7293,0.0,0.0,0.001350077,0.0,0.0,0.0,0.0
-259.17728,-967.49677,0.0,3.5030766E-8,-0.051081613,0.0,9.094947E-13,-9.186016E-12,0.0
-251.52487,780.43475,0.0,4.0282435E-9,-0.049573388,0.0,9.094947E-13,-1.0389087E-12,0.0
-108.47825,554.33466,0.0,0.0,-0.02138013,0.0,0.0,0.0,0.0
-167.76752,530.50916,0.0,0.0,-0.033065535,0.0,0.0,0.0,0.0
15.1234865,-22.207565,0.0,0.0,0.002980709,0.0,0.0,0.0,0.0
42.081596,406.10315,0.0,0.0,0.008293921,0.0,0.0,0.0,0.0
92.31794,986.9232,0.0,3.9233583E-8,0.018195087,0.0,3.6379788E-12,-1.0231466E-11,0.0
-0.09751332,997.22815,0.0,-7.2827725E-12,-1.9218991E-5,0.0,1.2434498E-14,2.1827198E-15,0.0
-55.81631,-745.0791,0.0,-2.5706385E-8,-0.0110009285,0.0,-3.8653525E-12,6.674215E-12,0.0
-24.187147,-337.95056,0.0,0.0,-0.004767079,0.0,0.0,0.0,0.0
-150.30635,745.168,0.0,0.0,-0.02962409,0.0,0.0,0.0,0.0
467.37164,-100.93327,0.0,-1.7753834E-8,0.09211493,0.0,-1.8189894E-12,4.626169E-12,0.0
-16.414284,476.58646,0.0,0.0,-0.0032351143,0.0,0.0,0.0,0.0
-54.819416,-750.48975,0.0,-1.09803215E-8,-0.010804454,0.0,-4.774847E-12,2.7822484E-12,0.0
88.262085,-370.98914,0.0,-1.644322E-8,0.017395698,0.0,-4.5474735E-13,4.3112558E-12,0.0
143.51439,-259.6754,0.0,-1.1902253E-8,0.028285451,0.0,-4.5474735E-13,3.1179419E-12,0.0
-117.196915,-694.78705,0.0,3.3365815E-8,-0.023098504,0.0,4.5474735E-13,-8.75832E-12,0.0
-173.45154,508.84653,0.0,0.0,-0.03418581,0.0,0.0,0.0,0.0
-11.401296,47.27857,0.0,0.0,-0.0022470974,0.0,0.0,0.0,0.0
-14.048397,458.25436,0.0,-3.1937841E-9,-0.002768812,0.0,1.7053026E-12,8.7616627E-13,0.0
-10.7666855,690.95465,0.0,0.0,-0.002122021,0.0,0.0,0.0,0.0
-14.444172,828.4213,0.0,0.0,-0.0028468221,0.0,0.0,0.0,0.0
-100.137115,-360.3427,0.0,0.0,-0.019736165,0.0,0.0,0.0,0.0
-60.31561,-447.4877,0.0,0.0,-0.011887688,0.0,0.0,0.0,0.0
5.2990317,-492.37408,0.0,0.0,0.0010443936,0.0,0.0,0.0,0.0
34.421383,87.41384,0.0,0.0,0.0067841588,0.0,0.0,0.0,0.0
-19.995392,710.52527,0.0,0.0,-0.00394092,0.0,0.0,0.0,0.0
-19.86015,868.05725,0.0,0.0,-0.0039142645,0.0,0.0,0.0,0.0
14.102716,42.41718,0.0,-2.2375344E-9,0.002779515,0.0,-2.444267E-12,5.351421E-13,0.0
14.141142,69.09202,0.0,0.0,0.0027870976,0.0,0.0,0.0,0.0
-15.941262,943.8017,0.0,1.0167338E-9,-0.0031418856,0.0,5.684342E-14,-2.6595677E-13,0.0
18.19396,-604.97284,0.0,0.0,0.0035858732,0.0,0.0,0.0,0.0
6.945491,-559.8485,0.0,0.0,0.0013688966,0.0,0.0,0.0,0.0
-9.486198,367.02808,0.0,-2.6439857E-9,-0.001869649,0.0,-2.2737368E-13,6.898922E-13,0.0
21.970928,-315.0189,0.0,0.0,0.004330281,0.0,0.0,0.0,0.0
-145.8571,-125.882866,0.0,1.7810173E-8,-0.02874718,0.0,4.5474735E-13,-4.6704754E-12,0.0
-131.86526,-454.16357,0.0,2.544402E-8,-0.02598951,0.0,4.5474735E-13,-6.676563E-12,0.0
-137.5643,939.00916,0.0,0.0,-0.027112741,0.0,0.0,0.0,0.0
-168.75154,505.4389,0.0,1.3523989E-8,-0.033259477,0.0,9.094947E-13,-3.5342816E-12,0.0
-6.7204866,406.19803,0.0,7.940541E-9,-0.0013245496,0.0,2.2737368E-13,-2.0820734E-12,0.0
-247.50697,-927.21063,0.0,3.5931407E-8,-0.048781496,0.0,9.094947E-13,-9.422694E-12,0.0
19.745409,-994.6699,0.0,0.0,0.0038916504,0.0,0.0,0.0,0.0
336.4498,-309.52536,0.0,-1.8940437E-8,0.06631136,0.0,-1.8189894E-12,4.9379945E-12,0.0
-210.40112,693.3693,0.0,0.0,-0.04146825,0.0,0.0,0.0,0.0
-183.12282,363.34442,0.0,1.6043339E-8,-0.03609193,0.0,9.094947E-13,-4.196338E-12,0.0
-375.28003,771.4194,0.0,0.0,-0.07396447,0.0,0.0,0.0,0.0
23.954212,995.0608,0.0,0.0,0.0047211694,0.0,0.0,0.0,0.0
-42.401016,503.52057,0.0,0.0,-0.008356876,0.0,0.0,0.0,0.0
116.93686,547.3991,0.0,-3.053189E-8,0.02304725,0.0,-4.5474735E-13,8.013597E-12,0.0
-232.12993,-627.8893,0.0,0.0,-0.04575081,0.0,0.0,0.0,0.0
-1.2730956,885.49585,0.0,0.0,-2.509162E-4,0.0,0.0,0.0,0.0
9.438872,-580.9125,0.0,0.0,0.0018603206,0.0,0.0,0.0,0.0
-230.99875,323.0107,0.0,1.3523989E-8,-0.045527868,0.0,9.094947E-13,-3.5342816E-12,0.0
24.208366,-996.90717,0.0,0.0,0.004771261,0.0,0.0,0.0,0.0
30.37113,-749.6392,0.0,-4.7549653E-9,0.0059858887,0.0,-1.1368684E-13,1.2470918E-12,0.0
-39.85256,-227.40956,0.0,0.0,-0.007854597,0.0,0.0,0.0,0.0
-15.472948,-234.95268,0.0,0.0,-0.003049585,0.0,0.0,0.0,0.0
-294.43616,-623.2903,0.0,0.0,-0.058030836,0.0,0.0,0.0,0.0
2.3580275,-762.83887,0.0,-7.0222456E-10,4.6474359E-4,0.0,-8.81073E-13,1.6548372E-13,0.0
80.83314,-340.7577,0.0,0.0,0.015931517,0.0,0.0,0.0,0.0
-12.047042,195.02982,0.0,6.190175E-10,-0.002374348,0.0,5.400125E-12,-4.5895227E-14,0.0
19.691706,-429.56265,0.0,0.0,0.0038810659,0.0,0.0,0.0,0.0
-79.44065,-114.12194,0.0,0.0,-0.01565707,0.0,0.0,0.0,0.0
-0.5949734,941.8115,0.0,1.1647328E-9,-1.1726427E-4,0.0,-2.1316282E-14,-3.066162E-13,0.0
332.51898,290.06564,0.0,0.0,0.06553663,0.0,0.0,0.0,0.0
-7.679224,965.00256,0.0,0.0,-0.0015135091,0.0,0.0,0.0,0.0
-128.09772,-619.305,0.0,0.0,-0.02524696,0.0,0.0,0.0,0.0
-305.61304,-14.768723,0.0,0.0,-0.0602337,0.0,0.0,0.0,0.0
-11.595011,518.6811,0.0,0.0,-0.002285277,0.0,0.0,0.0,0.0
-10.941565,287.78787,0.0,0.0,-0.0021564884,0.0,0.0,0.0,0.0
0.7737279,-965.6467,0.0,0.0,1.5249512E-4,0.0,0.0,0.0,0.0
42.856155,-886.9598,0.0,0.0,0.00844658,0.0,0.0,0.0,0.0
-324.83673,438.9858,0.0,0.0,-0.064022526,0.0,0.0,0.0,0.0
-118.26015,-476.6897,0.0,2.8810692E-8,-0.023308057,0.0,4.5474735E-13,-7.561286E-12,0.0
-195.35071,-787.59015,0.0,0.0,-0.038501944,0.0,0.0,0.0,0.0
-32.85241,854.0828,0.0,0.0,-0.0064749275,0.0,0.0,0.0,0.0
-142.13663,-706.45496,0.0,0.0,-0.028013907,0.0,0.0,0.0,0.0
-11.746049,545.33856,0.0,0.0,-0.0023150453,0.0,0.0,0.0,0.0
-65.318886,-112.634094,0.0,0.0,-0.012873791,0.0,0.0,0.0,0.0
2.4243305,-879.9166,0.0,-4.3674343E-4,-1.1616532E-4,0.0,-1.6033209E-7,1.1132387E-7,0.0
-19.21022,274.5594,0.0,0.0,-0.0037861692,0.0,0.0,0.0,0.0
493.74313,-656.6344,0.0,0.0,0.097312525,0.0,0.0,0.0,0.0
147.94803,898.7162,0.0,0.0,0.029159285,0.0,0.0,0.0,0.0
-12.041033,851.9727,0.0,3.545634E-9,-0.002373184,0.0,5.684342E-14,-9.305227E-13,0.0
15.181244,-581.81067,0.0,0.0,0.0029920926,0.0,0.0,0.0,0.0
13.520206,1.7332884,0.0,3.6558823E-9,0.0026646887,0.0,-7.2759576E-12,-1.1180635E-12,0.0
-47.933163,926.77673,0.0,0.0,-0.009447214,0.0,0.0,0.0,0.0
32.085655,964.5185,0.0,0.0,0.006323807,0.0,0.0,0.0,0.0
-8.596479,672.4045,0.0,-1.858268E-9,-0.0016942914,0.0,2.5579538E-13,4.93863E-13,0.0
-23.289799,-944.0647,0.0,0.0,-0.004590219,0.0,0.0,0.0,0.0
29.60533,-122.76398,0.0,3.8297774E-9,0.005834957,0.0,2.2737368E-13,-1.0015047E-12,0.0
117.98966,36.272682,0.0,-2.0264352E-8,0.023254748,0.0,-4.5474735E-13,5.3154052E-12,0.0
-33.19913,165.69827,0.0,0.0,-0.0065432633,0.0,0.0,0.0,0.0
-185.0124,807.66736,0.0,0.0,-0.036464356,0.0,0.0,0.0,0.0
-165.49301,-17.025496,0.0,2.8358603E-8,-0.03261725,0.0,9.094947E-13,-7.432648E-12,0.0
-287.4851,-628.06256,0.0,2.6132938E-8,-0.056660842,0.0,9.094947E-13,-6.847769E-12,0.0
3.190298,-798.8036,0.0,-4.363496E-4,3.2411845E-5,0.0,-1.6095542E-7,1.1120688E-7,0.0
-259.6951,-658.11536,0.0,0.0,-0.05118367,0.0,0.0,0.0,0.0
87.45611,-282.14435,0.0,0.0,0.017236847,0.0,0.0,0.0,0.0
48.665047,-492.94385,0.0,-1.2020184E-8,0.009591462,0.0,-2.2737368E-13,3.1538496E-12,0.0
275.32095,-273.79297,0.0,0.0,0.054263394,0.0,0.0,0.0,0.0
140.7947,-825.7927,0.0,-2.854852E-9,0.027749423,0.0,-4.5474735E-13,7.403886E-13,0.0
5.0486326,-519.69556,0.0,0.0,9.95042E-4,0.0,0.0,0.0,0.0
-10.489391,25.936552,0.0,4.322971E-4,-0.001447936,0.0,1.6697228E-7,-1.1001162E-7,0.0
52.3901,682.4265,0.0,-6.8591166E-10,0.0103256395,0.0,2.2737368E-13,1.8516658E-13,0.0
16.027092,-246.49849,0.0,4.2612966E-9,0.003158803,0.0,2.842171E-13,-1.1136738E-12,0.0
12.990952,-983.7184,0.0,0.0,0.0025604048,0.0,0.0,0.0,0.0
-16.079962,94.542656,0.0,0.0,-0.0031692223,0.0,0.0,0.0,0.0
179.75885,347.73166,0.0,-3.4597576E-8,0.035428923,0.0,-9.094947E-13,9.072179E-12,0.0
66.19036,-932.18,0.0,0.0,0.013045551,0.0,0.0,0.0,0.0
8.414865,-282.92905,0.0,0.0,0.0016584975,0.0,0.0,0.0,0.0
53.437172,791.1961,0.0,0.0,0.010532008,0.0,0.0,0.0,0.0
-45.639694,-379.0143,0.0,0.0,-0.008995191,0.0,0.0,0.0,0.0
8.675178,-337.32858,0.0,3.4448568E-9,0.0017097961,0.0,-1.762146E-12,-9.433745E-13,0.0
126.46872,-576.2331,0.0,-7.731194E-9,0.024925897,0.0,-4.5474735E-13,2.0218354E-12,0.0
21.628498,780.696,0.0,0.0,0.004262791,0.0,0.0,0.0,0.0
37.247658,-836.42236,0.0,0.0,0.007341193,0.0,0.0,0.0,0.0
28.762459,-791.74133,0.0,-4.1765706E-9,0.0056688334,0.0,-1.1368684E-13,1.0950965E-12,0.0
78.128876,-786.49194,0.0,0.0,0.015398529,0.0,0.0,0.0,0.0
-139.06032,898.54254,0.0,1.6833857E-9,-0.027407592,0.0,4.5474735E-13,-4.325407E-13,0.0
16.654312,-888.0639,0.0,0.0,0.0032824217,0.0,0.0,0.0,0.0
15.076578,-602.8747,0.0,0.0,0.0029714638,0.0,0.0,0.0,0.0
-12.234032,226.23839,0.0,0.0,-0.0024112226,0.0,0.0,0.0,0.0
-30.232788,841.02783,0.0,0.0,-0.005958623,0.0,0.0,0.0,0.0
-254.21059,611.66583,0.0,7.0492807E-9,-0.050102722,0.0,9.094947E-13,-1.8328026E-12,0.0
-50.477566,597.19574,0.0,0.0,-0.009948694,0.0,0.0,0.0,0.0
2.5256119,-761.7691,0.0,1.9850435E-9,4.9778057E-4,0.0,1.1226575E-12,-4.9752325E-13,0.0
30.525743,-359.46344,0.0,0.0,0.0060163615,0.0,0.0,0.0,0.0
76.32923,347.12125,0.0,0.0,0.015043835,0.0,0.0,0.0,0.0
-240.46677,-283.8018,0.0,2.463629E-8,-0.047393933,0.0,9.094947E-13,-6.4544667E-12,0.0
0.7007718,-940.62244,0.0,0.0,1.381161E-4,0.0,0.0,0.0,0.0
34.67238,-329.84885,0.0,0.0,0.006833628,0.0,0.0,0.0,0.0
9.244084,-922.3036,0.0,0.0,0.0018219296,0.0,0.0,0.0,0.0
-199.56624,-347.42862,0.0,3.115668E-8,-0.03933279,0.0,9.094947E-13,-8.167951E-12,0.0
129.98938,336.16757,0.0,0.0,0.02561979,0.0,0.0,0.0,0.0
-7.268131,970.2627,0.0,0.0,-0.0014324861,0.0,0.0,0.0,0.0
-3.4198074,769.0865,0.0,9.981219E-10,-6.740194E-4,0.0,-1.2363444E-12,-2.8903044E-13,0.0
1.9424562,-905.4902,0.0,6.584495E-11,3.8284107E-4,0.0,-9.2370556E-14,-1.930077E-14,0.0
50.611557,470.809,0.0,1.5670764E-8,0.0099751055,0.0,6.82121E-13,-4.1033466E-12,0.0
-259.1661,846.6076,0.0,2.731229E-9,-0.05107941,0.0,9.094947E-13,-6.980682E-13,0.0
-68.50171,411.65042,0.0,9.908462E-9,-0.013501097,0.0,2.2737368E-13,-2.598913E-12,0.0
18.731117,-609.95276,0.0,0.0,0.0036917422,0.0,0.0,0.0,0.0
17.150105,-558.4598,0.0,0.0,0.0033801382,0.0,0.0,0.0,0.0
-17.088036,-410.3381,0.0,1.7932788E-8,-0.0033679067,0.0,-1.7053026E-13,-4.717448E-12,0.0
277.15857,-793.25085,0.0,-3.4422984E-9,0.05462557,0.0,-9.094947E-13,8.8492907E-13,0.0
6.845653,-369.5909,0.0,0.0,0.0013492194,0.0,0.0,0.0,0.0
-79.506874,763.0726,0.0,6.8756463E-9,-0.01567012,0.0,4.5474735E-13,-1.7970072E-12,0.0
14.1241665,-167.82384,0.0,9.221189E-9,0.0027837467,0.0,-1.2505552E-12,-2.4502655E-12,0.0
-367.54553,102.969055,0.0,2.2524686E-8,-0.072440065,0.0,1.8189894E-12,-5.8798942E-12,0.0
3.1130314,-740.14667,0.0,0.0,6.135517E-4,0.0,0.0,0.0,0.0
-18.542826,151.75833,0.0,0.0,-0.0036546316,0.0,0.0,0.0,0.0
28.779865,-404.46036,0.0,2.5759983E-10,0.005672268,0.0,1.0231815E-12,-4.5568404E-14,0.0
-87.36062,613.43665,0.0,0.0,-0.017218027,0.0,0.0,0.0,0.0
-4.5141153,658.62134,0.0,4.356619E-4,-2.891828E-4,0.0,1.6203637E-7,-1.1100275E-7,0.0
-73.48913,-447.8577,0.0,3.5466095E-9,-0.014484084,0.0,-2.2737368E-12,-9.811769E-13,0.0
18.285454,856.49,0.0,-6.5240156E-9,0.0036039045,0.0,-4.5474735E-13,1.7046027E-12,0.0
-144.90665,-465.87735,0.0,0.0,-0.028559854,0.0,0.0,0.0,0.0
18.096268,-524.74,0.0,5.020074E-9,0.0035666144,0.0,-1.1937118E-12,-1.3450314E-12,0.0
-95.04342,-983.6707,0.0,-7.348256E-10,-0.018732257,0.0,-4.092726E-12,1.04600214E-13,0.0
-110.2708,-580.50006,0.0,3.3070197E-8,-0.021733426,0.0,4.5474735E-13,-8.680634E-12,0.0
13.352335,204.12674,0.0,0.0,0.0026316305,0.0,0.0,0.0,0.0
34.562767,303.6245,0.0,0.0,0.0068120244,0.0,0.0,0.0,0.0
15.625774,480.4856,0.0,0.0,0.0030797059,0.0,0.0,0.0,0.0
75.17541,887.9519,0.0,0.0,0.014816427,0.0,0.0,0.0,0.0
10.887279,-361.924,0.0,-9.085694E-9,0.002145784,0.0,-1.4779289E-12,2.356271E-12,0.0
-361.76486,-582.51587,0.0,4.0372356E-8,-0.071300745,0.0,1.8189894E-12,-1.0570057E-11,0.0
91.477875,-168.67215,0.0,-2.0968095E-8,0.018029502,0.0,-4.5474735E-13,5.500341E-12,0.0
-129.13097,288.0728,0.0,0.0,-0.025450604,0.0,0.0,0.0,0.0
-20.882904,771.0199,0.0,0.0,-0.004115841,0.0,0.0,0.0,0.0
-39.758087,378.7911,0.0,1.8025393E-8,-0.007835977,0.0,2.2737368E-13,-4.7319496E-12,0.0
72.92396,-536.82074,0.0,-7.327423E-9,0.014372685,0.0,-2.2737368E-13,1.920646E-12,0.0
-43.9021,995.7811,0.0,0.0,-0.008652726,0.0,0.0,0.0,0.0
5.32943,-711.09033,0.0,0.0,0.0010503848,0.0,0.0,0.0,0.0
-10.791421,881.84106,0.0,0.0,-0.0021268963,0.0,0.0,0.0,0.0
-11.693186,70.78487,0.0,-1.570832E-8,-0.0023046192,0.0,1.8189894E-12,4.1679156E-12,0.0
-43.63221,-536.997,0.0,0.0,-0.008599534,0.0,0.0,0.0,0.0
471.0576,6.083155,0.0,0.0,0.0928414,0.0,0.0,0.0,0.0
285.54147,-782.42554,0.0,0.0,0.05627777,0.0,0.0,0.0,0.0
-146.89117,-950.5095,0.0,3.0637615E-8,-0.028950987,0.0,4.5474735E-13,-8.04138E-12,0.0
-3.6576355,897.7543,0.0,-1.4061504E-9,-7.208895E-4,0.0,-2.5579538E-13,3.639887E-13,0.0
27.670326,683.02686,0.0,-2.7313465E-8,0.005453581,0.0,-7.9580786E-13,7.1604563E-12,0.0
0.44584355,-968.5015,0.0,3.01076E-10,8.7871624E-5,0.0,-7.81597E-14,-8.0828695E-14,0.0
45.512436,-740.68994,0.0,0.0,0.00897011,0.0,0.0,0.0,0.0
12.4529,183.48415,0.0,0.0,0.0024543596,0.0,0.0,0.0,0.0
137.0579,903.7078,0.0,-3.204787E-8,0.027012935,0.0,-4.5474735E-13,8.411979E-12,0.0
1.1071563,-983.2311,0.0,-2.7302405E-10,2.1821099E-4,0.0,-3.5527137E-15,7.167076E-14,0.0
23.078024,595.69586,0.0,0.0,0.0045484803,0.0,0.0,0.0,0.0
-19.272268,346.85483,0.0,0.0,-0.0037983984,0.0,0.0,0.0,0.0
-0.18334389,997.8674,0.0,0.0,-3.6135505E-5,0.0,0.0,0.0,0.0
202.83539,-1000.0,0.0,0.0,0.03997711,0.0,0.0,0.0,0.0
31.614601,-193.73273,0.0,0.0,0.006230966,0.0,0.0,0.0,0.0
171.88805,-145.37447,0.0,-2.2943649E-8,0.033877656,0.0,-9.094947E-13,6.0096602E-12,0.0
63.450874,-333.02676,0.0,-1.2126732E-8,0.012505622,0.0,-2.2737368E-13,3.181849E-12,0.0
14.114261,352.91345,0.0,0.0,0.0027817995,0.0,0.0,0.0,0.0
194.21696,148.35844,0.0,-2.7284926E-8,0.038278494,0.0,-9.094947E-13,7.150498E-12,0.0
97.15921,381.81696,0.0,0.0,0.019149246,0.0,0.0,0.0,0.0
13.066173,-889.18494,0.0,0.0,0.0025752303,0.0,0.0,0.0,0.0
-2.1983385,852.4388,0.0,0.0,-4.332736E-4,0.0,0.0,0.0,0.0
25.876581,-14.773309,0.0,0.0,0.005100052,0.0,0.0,0.0,0.0
-245.81944,816.6284,0.0,3.4422984E-9,-0.048448898,0.0,9.094947E-13,-8.8492907E-13,0.0
13.404501,282.69937,0.0,-4.3050124E-4,0.0020131278,0.0,-1.6941027E-7,1.0948688E-7,0.0
-235.49492,264.6256,0.0,0.0,-0.046414025,0.0,0.0,0.0,0.0
-68.27939,530.7469,0.0,0.0,-0.013457281,0.0,0.0,0.0,0.0
21.941544,-684.4594,0.0,0.0,0.0043244897,0.0,0.0,0.0,0.0
-85.205795,-460.85703,0.0,0.0,-0.01679333,0.0,0.0,0.0,0.0
89.999916,197.816,0.0,0.0,0.01773821,0.0,0.0,0.0,0.0
30.194641,-187.3502,0.0,0.0,0.005951104,0.0,0.0,0.0,0.0
26.933014,359.43515,0.0,0.0,0.0053082653,0.0,0.0,0.0,0.0
10.705709,-900.80804,0.0,-2.6722211E-9,0.0021100033,0.0,-5.684342E-14,7.009998E-13,0.0
-16.021263,-483.71622,0.0,1.7861224E-8,-0.0031576627,0.0,-2.2168933E-12,-4.742893E-12,0.0
-403.871,354.81317,0.0,0.0,-0.0795995,0.0,0.0,0.0,0.0
11.027336,-112.907074,0.0,0.0,0.002173393,0.0,0.0,0.0,0.0
-25.158827,-297.79468,0.0,-5.2245115E-9,-0.0049586077,0.0,-5.002221E-12,1.2647706E-12,0.0
-17.27761,-565.79236,0.0,-6.5570553E-9,-0.0034052874,0.0,-5.002221E-12,1.6149479E-12,0.0
-186.7531,323.48,0.0,1.6716502E-8,-0.03680743,0.0,9.094947E-13,-4.3732374E-12,0.0
82.88932,374.79263,0.0,0.0,0.016336773,0.0,0.0,0.0,0.0
91.9466,-294.7451,0.0,0.0,0.018121885,0.0,0.0,0.0,0.0
-43.98221,451.50003,0.0,1.4387078E-8,-0.008668515,0.0,2.2737368E-13,-3.775842E-12,0.0
27.514915,-13.635767,0.0,7.154428E-9,0.0054229316,0.0,-5.7980287E-12,-2.0054815E-12,0.0
107.96827,584.3044,0.0,0.0,0.021279618,0.0,0.0,0.0,0.0
-102.91117,111.04067,0.0,0.0,-0.020282907,0.0,0.0,0.0,0.0
-161.17471,-263.3234,0.0,0.0,-0.03176615,0.0,0.0,0.0,0.0
-137.55244,-171.69482,0.0,1.9653903E-8,-0.027110403,0.0,4.5474735E-13,-5.1549867E-12,0.0
-450.97375,405.05994,0.0,0.0,-0.08888305,0.0,0.0,0.0,0.0
124.04442,-911.6047,0.0,-1.6442003E-9,0.024448087,0.0,-4.5474735E-13,4.2224324E-13,0.0
4.8597455,-521.5807,0.0,0.0,9.5781405E-4,0.0,0.0,0.0,0.0
23.175598,553.1906,0.0,0.0,0.004567711,0.0,0.0,0.0,0.0
-9.619951,370.9296,0.0,2.0993298E-9,-0.0018960047,0.0,1.364242E-12,-5.2217865E-13,0.0
-292.30444,419.27045,0.0,0.0,-0.057610694,0.0,0.0,0.0,0.0
292.99033,587.4358,0.0,-2.5002034E-8,0.057745874,0.0,-9.094947E-13,6.5505804E-12,0.0
-412.56464,455.7304,0.0,1.2175438E-8,-0.08131294,0.0,1.8189894E-12,-3.1602305E-12,0.0
-339.09525,-847.9196,0.0,0.0,-0.06683276,0.0,0.0,0.0,0.0
27.027122,762.62994,0.0,-1.28308795E-8,0.005326783,0.0,-8.299139E-12,3.1935717E-12,0.0
-42.069973,534.7648,0.0,0.0,-0.00829163,0.0,0.0,0.0,0.0
-46.27645,-754.1727,0.0,-1.5396848E-8,-0.009120684,0.0,1.8189894E-12,4.08545E-12,0.0
-257.7242,-928.2383,0.0,0.0,-0.050795227,0.0,0.0,0.0,0.0
-18.774271,270.8389,0.0,0.0,-0.0037002475,0.0,0.0,0.0,0.0
-87.019325,815.5974,0.0,0.0,-0.017150762,0.0,0.0,0.0,0.0
63.106895,283.67014,0.0,-1.1435841E-8,0.012437831,0.0,9.094947E-13,3.0248753E-12,0.0
9.065747,-496.35632,0.0,0.0,0.0017867809,0.0,0.0,0.0,0.0
63.292503,202.61258,0.0,-1.29679885E-8,0.012474412,0.0,9.094947E-13,3.4275061E-12,0.0
-4.7775507,770.3286,0.0,0.0,-9.4161415E-4,0.0,0.0,0.0,0.0
-33.913197,-230.86638,0.0,0.0,-0.0066839997,0.0,0.0,0.0,0.0
-24.437786,-991.61865,0.0,-5.1171725E-9,-0.0048164786,0.0,-2.2737368E-13,1.3398174E-12,0.0
73.246956,-136.64384,0.0,0.0,0.014436346,0.0,0.0,0.0,0.0
92.56232,-71.30477,0.0,-2.3149493E-8,0.018243236,0.0,-4.5474735E-13,6.0735874E-12,0.0
161.08353,243.41696,0.0,0.0,0.03174818,0.0,0.0,0.0,0.0
122.87545,-429.95236,0.0,0.0,0.024217695,0.0,0.0,0.0,0.0
65.41818,-706.1676,0.0,-5.181729E-9,0.012893361,0.0,-2.2737368E-13,1.356782E-12,0.0
-273.76508,-771.1614,0.0,0.0,-0.053956743,0.0,0.0,0.0,0.0
97.32706,101.942535,0.0,0.0,0.019182326,0.0,0.0,0.0,0.0
-229.96736,-59.36199,0.0,0.0,-0.04532459,0.0,0.0,0.0,0.0
16.761839,-66.54125,0.0,-1.0388159E-8,0.003303612,0.0,-7.3896445E-13,2.7139092E-12,0.0
19.931675,806.8715,0.0,0.0,0.003928362,0.0,0.0,0.0,0.0
33.23519,-135.89085,0.0,-5.3931672E-9,0.0065503684,0.0,-6.82121E-13,1.4025119E-12,0.0
-228.35004,-770.26294,0.0,0.0,-0.04500583,0.0,0.0,0.0,0.0
-212.54665,-124.516556,0.0,0.0,-0.041891117,0.0,0.0,0.0,0.0
152.13066,841.9309,0.0,0.0,0.029983645,0.0,0.0,0.0,0.0
-10.857591,0.29608175,0.0,-1.656205E-8,-0.0021399634,0.0,-6.8780537E-12,4.204196E-12,0.0
-38.707375,-864.3527,0.0,-1.3356569E-8,-0.007628893,0.0,-6.82121E-13,3.4952026E-12,0.0
-66.62619,269.44727,0.0,1.2649673E-8,-0.013131449,0.0,2.2737368E-13,-3.3192722E-12,0.0
31.829088,200.99614,0.0,5.56498E-9,0.006273227,0.0,-3.4106051E-12,-1.5361658E-12,0.0
-8.06129,574.3555,0.0,0.0,-0.0015888109,0.0,0.0,0.0,0.0
-20.071983,-407.28903,0.0,0.0,-0.003956015,0.0,0.0,0.0,0.0
-120.81409,-718.2414,0.0,0.0,-0.023811419,0.0,0.0,0.0,0.0
-220.01064,494.45236,0.0,0.0,-0.043362204,0.0,0.0,0.0,0.0
2.6453733,-789.57336,0.0,0.0,5.2138034E-4,0.0,0.0,0.0,0.0
-395.84464,360.73154,0.0,0.0,-0.07801758,0.0,0.0,0.0,0.0
-103.96719,-707.65326,0.0,3.7897074E-8,-0.02049104,0.0,4.5474735E-13,-9.949082E-12,0.0
-10.068788,70.46801,0.0,4.3253976E-4,-0.0013663775,0.0,1.6662315E-7,-1.1008295E-7,0.0
-59.79687,952.52637,0.0,0.0,-0.011785449,0.0,0.0,0.0,0.0
-53.991436,332.74252,0.0,0.0,-0.010641248,0.0,0.0,0.0,0.0
-23.641407,-423.74472,0.0,0.0,-0.004659518,0.0,0.0,0.0,0.0
442.81305,457.0457,0.0,3.0367932E-8,0.08727465,0.0,1.8189894E-12,-7.941009E-12,0.0
-269.54077,931.50867,0.0,1.1725838E-9,-0.053124167,0.0,9.094947E-13,-2.8847413E-13,0.0
-29.799402,-424.67233,0.0,0.0,-0.005873206,0.0,0.0,0.0,0.0
284.21014,-185.8252,0.0,0.0,0.056015376,0.0,0.0,0.0,0.0
-17.65087,-580.97626,0.0,6.8276664E-9,-0.003478823,0.0,3.1832315E-12,-1.7253963E-12,0.0
95.50631,-893.584,0.0,0.0,0.018823473,0.0,0.0,0.0,0.0
3.7175417,-970.2026,0.0,0.0,7.326955E-4,0.0,0.0,0.0,0.0
-61.889885,669.58276,0.0,6.1590724E-9,-0.012197964,0.0,2.2737368E-13,-1.6136167E-12,0.0
-16.239048,-94.20844,0.0,2.7480462E-9,-0.003200567,0.0,2.5579538E-12,-6.668403E-13,0.0
-96.253334,86.239265,0.0,2.190379E-8,-0.018970704,0.0,4.5474735E-13,-5.746231E-12,0.0
53.3942,-105.237495,0.0,-1.9332429E-8,0.010523537,0.0,-2.2737368E-13,5.0754236E-12,0.0
260.12463,376.23706,0.0,-2.4414291E-8,0.051268328,0.0,-9.094947E-13,6.396128E-12,0.0
-192.76828,-133.59636,0.0,2.7136583E-8,-0.03799297,0.0,9.094947E-13,-7.111515E-12,0.0
-52.49995,802.2392,0.0,0.0,-0.010347289,0.0,0.0,0.0,0.0
134.2755,411.45767,0.0,-2.4253463E-8,0.026464546,0.0,-4.5474735E-13,6.363698E-12,0.0
27.029991,-109.847946,0.0,0.0,0.005327379,0.0,0.0,0.0,0.0
40.71933,-22.795916,0.0,0.0,0.00802543,0.0,0.0,0.0,0.0
116.78964,-653.87067,0.0,-6.838128E-9,0.023018233,0.0,-4.5474735E-13,1.7871478E-12,0.0
-19.494474,827.2587,0.0,0.0,-0.0038421934,0.0,0.0,0.0,0.0
342.95953,999.8129,0.0,-5.3815697E-8,0.06759437,0.0,-1.8189894E-12,1.4102813E-11,0.0
-32.776115,495.3828,0.0,8.880698E-9,-0.0064598904,0.0,1.1368684E-13,-2.331287E-12,0.0
15.141726,-35.187424,0.0,0.0,0.002984304,0.0,0.0,0.0,0.0
-245.3627,-166.30124,0.0,0.0,-0.04835888,0.0,0.0,0.0,0.0
-36.809624,-971.9204,0.0,-8.66551E-9,-0.007254845,0.0,4.092726E-12,2.3657E-12,0.0
-180.197,-834.7222,0.0,-4.698458E-8,-0.035515282,0.0,-9.094947E-13,1.2327341E-11,0.0
40.860355,471.4536,0.0,0.0,0.0080532245,0.0,0.0,0.0,0.0
-20.046532,-435.65704,0.0,0.0,-0.003950999,0.0,0.0,0.0,0.0
-39.15316,-613.9926,0.0,0.0,-0.007716751,0.0,0.0,0.0,0.0
-121.6625,-244.65938,0.0,2.3604585E-8,-0.023978632,0.0,4.5474735E-13,-6.1931805E-12,0.0
-19.14561,-890.474,0.0,4.2669175E-4,-0.0031259542,0.0,1.742826E-7,-1.0838024E-7,0.0
359.68298,188.88867,0.0,0.0,0.07089043,0.0,0.0,0.0,0.0
12.040019,95.73574,0.0,0.0,0.0023729843,0.0,0.0,0.0,0.0
-123.71886,-690.9839,0.0,0.0,-0.024383923,0.0,0.0,0.0,0.0
16.550838,-514.10864,0.0,1.0379465E-9,0.0032620258,0.0,-5.684342E-13,-2.8505258E-13,0.0
292.20938,408.37418,0.0,0.0,0.057591956,0.0,0.0,0.0,0.0
31.353653,-753.15216,0.0,-4.5413406E-9,0.0061795353,0.0,-1.1368684E-13,1.1909538E-12,0.0
92.210236,718.27747,0.0,0.0,0.018173845,0.0,0.0,0.0,0.0
-405.24393,746.16974,0.0,-5.7808247E-9,-0.0798701,0.0,-1.8189894E-12,1.4797995E-12,0.0
427.70105,-157.10402,0.0,-1.8188471E-8,0.0842962,0.0,-1.8189894E-12,4.7403865E-12,0.0
-5.7557225,842.00397,0.0,0.0,-0.0011344034,0.0,0.0,0.0,0.0
338.86725,9.812049,0.0,0.0,0.066787824,0.0,0.0,0.0,0.0
-35.878956,562.5275,0.0,7.033215E-9,-0.0070714336,0.0,1.1368684E-13,-1.8457898E-12,0.0
80.38688,-52.485905,0.0,0.0,0.015843563,0.0,0.0,0.0,0.0
-101.43954,-399.74777,0.0,0.0,-0.01999286,0.0,0.0,0.0,0.0
-59.86476,626.5508,0.0,7.196687E-9,-0.01179883,0.0,2.2737368E-13,-1.88629E-12,0.0
-30.689299,511.78137,0.0,9.176334E-9,-0.006048597,0.0,1.1368684E-13,-2.4089769E-12,0.0
-196.15977,460.75253,0.0,1.2685594E-8,-0.038661405,0.0,9.094947E-13,-3.313961E-12,0.0
71.51747,-283.65924,0.0,-1.1555256E-8,0.014095479,0.0,-2.2737368E-13,3.031672E-12,0.0
-248.81142,987.9145,0.0,0.0,-0.049038593,0.0,0.0,0.0,0.0
-240.57532,376.51965,0.0,0.0,-0.047415327,0.0,0.0,0.0,0.0
-216.30281,523.7539,0.0,0.0,-0.042631425,0.0,0.0,0.0,0.0
-229.09087,-154.80328,0.0,0.0,-0.04515184,0.0,0.0,0.0,0.0
-17.088354,60.81829,0.0,0.0,-0.0033679677,0.0,0.0,0.0,0.0
6.524931,-691.8226,0.0,-1.0817807E-9,0.001286003,0.0,-1.2789769E-12,2.5662217E-13,0.0
-90.60431,611.76807,0.0,0.0,-0.01785733,0.0,0.0,0.0,0.0
61.559498,-552.2513,0.0,-8.39095E-9,0.012132848,0.0,-2.2737368E-13,2.2001285E-12,0.0
-49.83729,-121.715935,0.0,0.0,-0.009822502,0.0,0.0,0.0,0.0
-50.30012,-831.2612,0.0,8.64208E-9,-0.009913728,0.0,-1.5916157E-12,-2.3054575E-12,0.0
348.69397,956.7958,0.0,-5.1792107E-8,0.06872458,0.0,-1.8189894E-12,1.3571037E-11,0.0
-44.148384,-192.26512,0.0,0.0,-0.008701267,0.0,0.0,0.0,0.0
11.445045,-414.1199,0.0,0.0,0.00225572,0.0,0.0,0.0,0.0
-166.85533,225.919,0.0,0.0,-0.032885753,0.0,0.0,0.0,0.0
-131.00517,722.38666,0.0,4.8893902E-9,-0.025819993,0.0,4.5474735E-13,-1.2750419E-12,0.0
6.7373514,-339.32715,0.0,0.0,0.001327874,0.0,0.0,0.0,0.0
77.24625,-528.7785,0.0,0.0,0.015224571,0.0,0.0,0.0,0.0
-41.801296,-953.458,0.0,-3.0763776E-8,-0.008238673,0.0,4.5474735E-13,8.096659E-12,0.0
63.56483,939.54785,0.0,-4.3909414E-9,0.012528107,0.0,6.366463E-12,1.2915612E-12,0.0
-38.717686,225.80377,0.0,-3.3983545E-9,-0.0076309205,0.0,9.094947E-13,9.127161E-13,0.0
205.70213,-1.7010698,0.0,0.0,0.040542122,0.0,0.0,0.0,0.0
109.94166,-421.89716,0.0,-1.2132357E-8,0.021668555,0.0,-4.5474735E-13,3.1784107E-12,0.0
-19.393757,-916.7315,0.0,4.2651044E-4,-0.0031740202,0.0,1.7450185E-7,-1.08327846E-7,0.0
-361.28723,252.51372,0.0,1.9094712E-8,-0.07120661,0.0,1.8189894E-12,-4.9785362E-12,0.0
-5.961716,600.3651,0.0,0.0,-0.001175003,0.0,0.0,0.0,0.0
-11.583984,434.19724,0.0,0.0,-0.0022831038,0.0,0.0,0.0,0.0
-169.10112,-659.0525,0.0,4.5273744E-8,-0.033328377,0.0,9.094947E-13,-1.1877753E-11,0.0
-28.834164,228.44505,0.0,7.911997E-9,-0.005682967,0.0,-3.410605E-13,-2.0865575E-12,0.0
115.380585,-927.7297,0.0,-1.4452062E-9,0.02274052,0.0,-4.5474735E-13,3.6994987E-13,0.0
82.26693,-836.5579,0.0,0.0,0.016214104,0.0,0.0,0.0,0.0
23.483753,-547.23315,0.0,0.0,0.004628446,0.0,0.0,0.0,0.0
-257.87366,-604.62854,0.0,2.8714414E-8,-0.05082468,0.0,9.094947E-13,-7.526151E-12,0.0
-203.87238,-964.59406,0.0,0.0,-0.04018149,0.0,0.0,0.0,0.0
26.792645,640.44116,0.0,0.0,0.0052806,0.0,0.0,0.0,0.0
-170.93724,-484.7362,0.0,4.008161E-8,-0.03369026,0.0,9.094947E-13,-1.0513319E-11,0.0
-27.53687,261.86667,0.0,0.0,-0.00542728,0.0,0.0,0.0,0.0
6.6848397,-864.9437,0.0,0.0,0.0013175245,0.0,0.0,0.0,0.0
-26.46315,-798.1724,0.0,0.0,-0.0052156593,0.0,0.0,0.0,0.0
-124.15147,233.23866,0.0,1.4249867E-8,-0.024469186,0.0,4.5474735E-13,-3.734868E-12,0.0
44.53212,-591.0608,0.0,-1.0593972E-8,0.008776898,0.0,-2.2737368E-13,2.7790574E-12,0.0
7.642448,-697.2953,0.0,0.0,0.0015062608,0.0,0.0,0.0,0.0
52.840115,-807.7456,0.0,0.0,0.010414332,0.0,0.0,0.0,0.0
-53.989708,-306.83472,0.0,0.0,-0.010640907,0.0,0.0,0.0,0.0
3.5137534,-951.917,0.0,0.0,6.925306E-4,0.0,0.0,0.0,0.0
5.8645253,-515.62823,0.0,-4.3493017E-4,5.510848E-4,0.0,-1.6314578E-7,1.1078644E-7,0.0
46.28974,344.51163,0.0,0.0,0.00912331,0.0,0.0,0.0,0.0
145.64424,421.93488,0.0,0.0,0.028705228,0.0,0.0,0.0,0.0
-34.35689,569.908,0.0,0.0,-0.006771448,0.0,0.0,0.0,0.0
34.12092,-860.96875,0.0,0.0,0.0067249397,0.0,0.0,0.0,0.0
-60.665546,85.15287,0.0,1.7397188E-8,-0.011956657,0.0,2.2737368E-13,-4.5668642E-12,0.0
9.810745,-316.59442,0.0,0.0,0.0019336136,0.0,0.0,0.0,0.0
4.668546,-547.5722,0.0,1.056669E-9,9.201209E-4,0.0,-2.5011104E-12,-3.3176597E-13,0.0
23.315224,962.9207,0.0,-8.702511E-9,0.004595218,0.0,-3.0695446E-12,2.2205423E-12,0.0
32.701256,477.03845,0.0,-6.351679E-9,0.0064451406,0.0,1.0231815E-12,1.6912743E-12,0.0
-251.96767,-529.34064,0.0,0.0,-0.04966066,0.0,0.0,0.0,0.0
-180.03989,440.61322,0.0,0.0,-0.035484314,0.0,0.0,0.0,0.0
13.782799,-367.95636,0.0,0.0,0.0027164712,0.0,0.0,0.0,0.0
-429.17722,-575.1985,0.0,0.0,-0.08458714,0.0,0.0,0.0,0.0
-289.11346,-776.7266,0.0,0.0,-0.05698178,0.0,0.0,0.0,0.0
-2.8235912,976.26776,0.0,0.0,-5.565056E-4,0.0,0.0,0.0,0.0
24.847816,714.9744,0.0,3.506378E-9,0.004897257,0.0,-8.98126E-12,-1.115652E-12,0.0
4.9530864,-700.652,0.0,0.0,9.7621075E-4,0.0,0.0,0.0,0.0
6.2276635,-477.1729,0.0,-4.3473323E-4,6.215176E-4,0.0,-1.634429E-7,1.1072825E-7,0.0
2.3704498,-885.61993,0.0,-4.3676927E-4,-1.2661166E-4,0.0,-1.6028687E-7,1.11331644E-7,0.0
-36.119045,750.1186,0.0,0.0,-0.007118753,0.0,0.0,0.0,0.0
-17.353594,0.6675185,0.0,0.0,-0.0034202442,0.0,0.0,0.0,0.0
-43.23256,600.14984,0.0,0.0,-0.008520766,0.0,0.0,0.0,0.0
6.3979897,-459.14328,0.0,-4.3464184E-4,6.545371E-4,0.0,-1.635865E-7,1.1070112E-7,0.0
6.792605,-935.5162,0.0,-1.3689869E-9,0.001338764,0.0,-2.842171E-14,3.5913945E-13,0.0
-54.45987,970.5252,0.0,0.0,-0.010733572,0.0,0.0,0.0,0.0
22.396803,-339.5536,0.0,3.3686726E-10,0.004414214,0.0,-9.094947E-13,-1.081923E-13,0.0
69.35406,-481.10727,0.0,-8.631335E-9,0.0136690885,0.0,-2.2737368E-13,2.263299E-12,0.0
-415.71902,244.1723,0.0,0.0,-0.081934646,0.0,0.0,0.0,0.0
-2.1157265,953.4589,0.0,0.0,-4.169915E-4,0.0,0.0,0.0,0.0
50.16309,909.9133,0.0,1.5549121E-8,0.009886707,0.0,-1.8189894E-12,-4.1254656E-12,0.0
-24.52755,618.8285,0.0,8.964133E-9,-0.004834169,0.0,1.1368684E-13,-2.353213E-12,0.0
435.65543,812.135,0.0,0.0,0.08586394,0.0,0.0,0.0,0.0
267.5712,-273.11322,0.0,-1.2536032E-8,0.05273598,0.0,-9.094947E-13,3.2746579E-12,0.0
-191.307,0.336133,0.0,0.0,-0.037704967,0.0,0.0,0.0,0.0
145.60747,-575.66187,0.0,0.0,0.02869798,0.0,0.0,0.0,0.0
167.1782,912.1149,0.0,0.0,0.032949388,0.0,0.0,0.0,0.0
130.31578,172.44872,0.0,0.0,0.02568412,0.0,0.0,0.0,0.0
1.8401741,-851.6858,0.0,2.0875228E-9,3.6268303E-4,0.0,1.6342483E-13,-5.451199E-13,0.0
11.687816,-128.77159,0.0,1.7026924E-8,0.0023035817,0.0,3.7516656E-12,-4.3939665E-12,0.0
50.956726,208.84439,0.0,1.8503622E-8,0.010043139,0.0,1.364242E-12,-4.8330385E-12,0.0
-22.258461,296.1112,0.0,0.0,-0.004386951,0.0,0.0,0.0,0.0
-437.9984,-508.6604,0.0,3.1789337E-8,-0.08632572,0.0,1.8189894E-12,-8.314538E-12,0.0
16.070303,564.92096,0.0,-4.2878685E-4,0.0025298956,0.0,-1.7166195E-7,1.08987585E-7,0.0
-21.35092,-708.3643,0.0,0.0,-0.004208083,0.0,0.0,0.0,0.0
9.065498,-94.13225,0.0,-5.1949636E-9,0.0017867303,0.0,-4.5474735E-13,1.355343E-12,0.0
-17.317354,94.42722,0.0,0.0,-0.0034131017,0.0,0.0,0.0,0.0
18.461943,-320.69467,0.0,0.0,0.00363869,0.0,0.0,0.0,0.0
-9.065449,305.6089,0.0,0.0,-0.001786722,0.0,0.0,0.0,0.0
21.458149,-574.0121,0.0,0.0,0.004229217,0.0,0.0,0.0,0.0
16.16013,-377.5745,0.0,0.0,0.0031850226,0.0,0.0,0.0,0.0
-407.0047,-172.71259,0.0,0.0,-0.08021713,0.0,0.0,0.0,0.0
175.45634,591.80194,0.0,0.0,0.03458094,0.0,0.0,0.0,0.0
160.12167,303.09003,0.0,3.755406E-8,0.031558607,0.0,9.094947E-13,-9.8491085E-12,0.0
-25.150305,-743.95276,0.0,-2.6998125E-8,-0.0049569285,0.0,-5.3432814E-12,6.9804804E-12,0.0
5.5403337,-549.95264,0.0,-4.3510195E-4,4.8822054E-4,0.0,-1.6287673E-7,1.10837405E-7,0.0
40.668903,-266.09497,0.0,-2.0818511E-8,0.008015491,0.0,-2.2737368E-13,5.465949E-12,0.0
21.965622,947.9456,0.0,0.0,0.0043292353,0.0,0.0,0.0,0.0
-100.49248,-126.59519,0.0,2.5866473E-8,-0.019806203,0.0,4.5474735E-13,-6.7875787E-12,0.0
37.053703,-161.34196,0.0,5.098503E-9,0.007302968,0.0,2.2737368E-13,-1.3349112E-12,0.0
-38.85156,350.1483,0.0,0.0,-0.007657308,0.0,0.0,0.0,0.0
45.916676,-999.2553,0.0,-1.8710339E-11,0.009049782,0.0,-2.2737368E-13,0.0,0.0
-17.926535,-761.4209,0.0,4.2755512E-4,-0.0028896944,0.0,1.7323822E-7,-1.0862975E-7,0.0
-18.792212,93.10689,0.0,0.0,-0.0037037833,0.0,0.0,0.0,0.0
-135.75566,939.81085,0.0,0.0,-0.026756274,0.0,0.0,0.0,0.0
8.278667,-269.19238,0.0,0.0,0.0016316542,0.0,0.0,0.0,0.0
19.419075,-811.9457,0.0,0.0,0.0038273328,0.0,0.0,0.0,0.0
116.80609,-817.4821,0.0,0.0,0.023021476,0.0,0.0,0.0,0.0
76.89041,-889.2829,0.0,0.0,0.015154439,0.0,0.0,0.0,0.0
-23.230373,768.5117,0.0,0.0,-0.004578507,0.0,0.0,0.0,0.0
-10.504365,537.12555,0.0,0.0,-0.00207032,0.0,0.0,0.0,0.0
2.4862885,-829.45386,0.0,0.0,4.900261E-4,0.0,0.0,0.0,0.0
0.8816147,-942.392,0.0,-1.6116031E-10,1.7375745E-4,0.0,-3.2329694E-13,3.5359916E-14,0.0
10.834158,-892.801,0.0,0.0,0.0021353194,0.0,0.0,0.0,0.0
22.719265,985.9425,0.0,0.0,0.004477772,0.0,0.0,0.0,0.0
-13.437867,-297.71875,0.0,0.0,-0.0026484882,0.0,0.0,0.0,0.0
90.8246,-110.38753,0.0,0.0,0.017900748,0.0,0.0,0.0,0.0
-202.31032,749.67786,0.0,5.709704E-9,-0.039873622,0.0,9.094947E-13,-1.4807772E-12,0.0
13.43596,-463.82077,0.0,0.0,0.0026481121,0.0,0.0,0.0,0.0
-390.70648,-496.93375,0.0,3.536018E-8,-0.07700489,0.0,1.8189894E-12,-9.252914E-12,0.0
-40.67582,-446.9523,0.0,0.0,-0.0080168545,0.0,0.0,0.0,0.0
10.125103,-549.4376,0.0,-5.462225E-9,0.0019955677,0.0,-8.526513E-13,1.4169718E-12,0.0
60.08285,375.452,0.0,1.3860682E-8,0.011841819,0.0,1.364242E-12,-3.612927E-12,0.0
-207.02261,-256.54266,0.0,0.0,-0.04080238,0.0,0.0,0.0,0.0
-6.812633,415.23526,0.0,4.344093E-4,-7.34958E-4,0.0,1.6392605E-7,-1.10632655E-7,0.0
29.790163,200.51967,0.0,1.5106194E-9,0.0058713853,0.0,1.1368684E-13,-3.9451501E-13,0.0
18.74268,-748.4892,0.0,0.0,0.003694021,0.0,0.0,0.0,0.0
-145.6343,-213.40039,0.0,0.0,-0.028703267,0.0,0.0,0.0,0.0
98.661125,291.71588,0.0,-3.0208106E-8,0.01944526,0.0,-4.5474735E-13,7.92851E-12,0.0
173.3309,617.49207,0.0,-4.306245E-8,0.03416203,0.0,-9.094947E-13,1.129665E-11,0.0
112.46097,375.07626,0.0,0.0,0.02216509,0.0,0.0,0.0,0.0
21.418213,-465.9251,0.0,0.0,0.0042213458,0.0,0.0,0.0,0.0
141.7951,621.7936,0.0,-2.6389863E-8,0.027946595,0.0,-4.5474735E-13,6.9251193E-12,0.0
74.16761,810.42377,0.0,0.0,0.014617798,0.0,0.0,0.0,0.0
-73.96984,-325.30072,0.0,-1.7196262E-9,-0.014578799,0.0,5.9117156E-12,5.7973645E-13,0.0
37.54711,953.91943,0.0,0.0,0.007400213,0.0,0.0,0.0,0.0
31.890928,-131.9502,0.0,7.2398763E-9,0.006285429,0.0,3.410605E-13,-1.895181E-12,0.0
-48.75177,-971.7488,0.0,-6.6091776E-10,-0.009608558,0.0,-9.094947E-13,1.5401416E-13,0.0
27.326225,538.3326,0.0,0.0,0.005385764,0.0,0.0,0.0,0.0
-467.8166,-611.36743,0.0,3.1789337E-8,-0.092202626,0.0,1.8189894E-12,-8.314538E-12,0.0
-15.880823,711.91705,0.0,0.0,-0.0031299738,0.0,0.0,0.0,0.0
-55.854042,-981.7641,0.0,2.7686296E-8,-0.011008327,0.0,6.8212103E-12,-7.1305934E-12,0.0
10.262072,-831.1166,0.0,0.0,0.002022566,0.0,0.0,0.0,0.0
48.045933,520.908,0.0,0.0,0.00946944,0.0,0.0,0.0,0.0
28.069199,508.22052,0.0,7.224341E-9,0.005532194,0.0,-1.1368684E-12,-1.9230583E-12,0.0
25.413572,316.00082,0.0,0.0,0.0050087967,0.0,0.0,0.0,0.0
25.509298,777.75476,0.0,0.0,0.0050276634,0.0,0.0,0.0,0.0
-484.19696,-66.083755,0.0,2.0320378E-8,-0.09543106,0.0,1.8189894E-12,-5.300627E-12,0.0
22.480667,-862.8628,0.0,-3.5187648E-9,0.004430746,0.0,-1.1368684E-13,9.222326E-13,0.0
-332.89142,699.1655,0.0,8.340411E-9,-0.065610036,0.0,1.8189894E-12,-2.1524293E-12,0.0
439.38834,-895.2902,0.0,0.0,0.08659966,0.0,0.0,0.0,0.0
156.9348,974.245,0.0,0.0,0.0309305,0.0,0.0,0.0,0.0
20.35612,542.026,0.0,0.0,0.004012016,0.0,0.0,0.0,0.0
17.540514,-179.18553,0.0,0.0,0.0034570845,0.0,0.0,0.0,0.0
-210.56866,82.58216,0.0,0.0,-0.041501272,0.0,0.0,0.0,0.0
-125.58198,-640.2465,0.0,0.0,-0.024751129,0.0,0.0,0.0,0.0
141.40535,561.5531,0.0,-2.5479661E-8,0.027869778,0.0,-4.5474735E-13,6.6859287E-12,0.0
34.97559,-652.0976,0.0,-5.7376663E-9,0.006893388,0.0,-1.1368684E-13,1.5053345E-12,0.0
-19.639133,930.44867,0.0,0.0,-0.0038707044,0.0,0.0,0.0,0.0
-20.521461,-618.87415,0.0,0.0,-0.0040446036,0.0,0.0,0.0,0.0
23.951172,793.9379,0.0,0.0,0.00472057,0.0,0.0,0.0,0.0
22.8256,-487.67865,0.0,0.0,0.0044987295,0.0,0.0,0.0,0.0
-226.99297,-319.84393,0.0,0.0,-0.044738363,0.0,0.0,0.0,0.0
37.368538,-332.89398,0.0,0.0,0.0073650177,0.0,0.0,0.0,0.0
-252.76202,596.211,0.0,0.0,-0.049817223,0.0,0.0,0.0,0.0
-35.140396,741.54706,0.0,4.2424473E-9,-0.0069258697,0.0,1.1368684E-13,-1.112408E-12,0.0
-5.04148,604.81146,0.0,0.0,-9.936324E-4,0.0,0.0,0.0,0.0
36.331535,811.8019,0.0,0.0,0.0071606333,0.0,0.0,0.0,0.0
-26.558876,823.1364,0.0,3.8412358E-9,-0.005234526,0.0,1.1368684E-13,-1.0069742E-12,0.0
21.053553,345.4749,0.0,0.0,0.004149474,0.0,0.0,0.0,0.0
-38.61773,-805.2964,0.0,0.0,-0.0076112226,0.0,0.0,0.0,0.0
-15.24034,-477.04898,0.0,4.2932515E-4,-0.0023689962,0.0,1.709638E-7,-1.0914417E-7,0.0
21.287977,-164.76006,0.0,1.2971313E-9,0.004195678,0.0,1.1368684E-13,-3.3841278E-13,0.0
55.998684,519.51447,0.0,0.0,0.011036859,0.0,0.0,0.0,0.0
32.701313,-76.01679,0.0,-1.0059712E-9,0.0064451387,0.0,-2.3874236E-12,2.1273063E-13,0.0
-31.09616,951.9554,0.0,0.0,-0.006128786,0.0,0.0,0.0,0.0
18.180965,-861.69934,0.0,0.0,0.003583312,0.0,0.0,0.0,0.0
-16.685844,308.7179,0.0,-3.587179E-10,-0.0032886327,0.0,1.0231815E-12,1.1639283E-13,0.0
-16.420126,681.3092,0.0,0.0,-0.0032362656,0.0,0.0,0.0,0.0
-16.160309,-165.04637,0.0,0.0,-0.003185058,0.0,0.0,0.0,0.0
-19.214329,-838.3329,0.0,-1.1320738E-8,-0.0037869862,0.0,-1.9326762E-12,2.9331667E-12,0.0
-69.93562,53.4222,0.0,0.0,-0.01378371,0.0,0.0,0.0,0.0
-259.20142,734.4151,0.0,0.0,-0.05108637,0.0,0.0,0.0,0.0
-8.43519,393.0555,0.0,0.0,-0.0016625035,0.0,0.0,0.0,0.0
119.4604,770.6449,0.0,0.0,0.023544619,0.0,0.0,0.0,0.0
101.11016,-144.38222,0.0,0.0,0.019927943,0.0,0.0,0.0,0.0
52.56343,-458.85114,0.0,0.0,0.0103598,0.0,0.0,0.0,0.0
16.222359,289.8913,0.0,0.0,0.0031972874,0.0,0.0,0.0,0.0
-429.78018,166.54114,0.0,0.0,-0.08470598,0.0,0.0,0.0,0.0
22.390366,5.572388,0.0,0.0,0.0044129486,0.0,0.0,0.0,0.0
43.922127,387.55383,0.0,8.213084E-9,0.008656668,0.0,-1.5916157E-12,-2.1927223E-12,0.0
340.5212,704.75543,0.0,0.0,0.0671138,0.0,0.0,0.0,0.0
19.988537,-718.1829,0.0,-8.132597E-9,0.0039395685,0.0,-1.1368684E-13,2.1346948E-12,0.0
-93.39398,805.2076,0.0,0.0,-0.018407151,0.0,0.0,0.0,0.0
1.0521989,-941.66925,0.0,-4.848193E-10,2.0737996E-4,0.0,1.5276669E-13,1.3070846E-13,0.0
-101.50665,517.50055,0.0,0.0,-0.020006089,0.0,0.0,0.0,0.0
119.500694,176.34898,0.0,0.0,0.02355256,0.0,0.0,0.0,0.0
6.1041117,-641.7874,0.0,0.0,0.001203068,0.0,0.0,0.0,0.0
86.46238,-634.217,0.0,0.0,0.017040992,0.0,0.0,0.0,0.0
-36.185265,-218.1333,0.0,9.8146264E-9,-0.007131804,0.0,3.410605E-13,-2.5717959E-12,0.0
72.47365,202.03963,0.0,-1.9134225E-8,0.014283933,0.0,-2.2737368E-13,5.023338E-12,0.0
-36.399426,-268.63245,0.0,-1.3625608E-9,-0.007174004,0.0,2.728484E-12,4.170677E-13,0.0
49.488365,-286.7273,0.0,0.0,0.009753731,0.0,0.0,0.0,0.0
-133.86095,-792.0164,0.0,0.0,-0.026382841,0.0,0.0,0.0,0.0
-114.36558,238.40558,0.0,0.0,-0.022540472,0.0,0.0,0.0,0.0
-245.17625,379.23062,0.0,1.168381E-8,-0.04832213,0.0,9.094947E-13,-3.0507038E-12,0.0
43.549656,913.9259,0.0,0.0,0.008583263,0.0,0.0,0.0,0.0
-12.3746395,-162.53271,0.0,0.0,-0.002438935,0.0,0.0,0.0,0.0
170.92705,553.3422,0.0,0.0,0.03368825,0.0,0.0,0.0,0.0
19.14686,-598.5375,0.0,-1.1625894E-9,0.00377368,0.0,-4.5474735E-13,2.956814E-13,0.0
316.32977,749.0822,0.0,0.0,0.062345877,0.0,0.0,0.0,0.0
-46.5402,25.665333,0.0,0.0,-0.009172673,0.0,0.0,0.0,0.0
48.949337,262.56534,0.0,1.5423712E-8,0.009647474,0.0,-5.2295945E-12,-4.1662624E-12,0.0
-31.60708,-290.62646,0.0,-4.5209148E-10,-0.0062294905,0.0,-1.7053026E-12,8.192799E-14,0.0
10.086357,-303.53586,0.0,0.0,0.0019879343,0.0,0.0,0.0,0.0
-15.866876,606.55176,0.0,-5.0238E-9,-0.003127226,0.0,-2.2737368E-13,1.3152801E-12,0.0
271.49432,-190.95724,0.0,0.0,0.053509198,0.0,0.0,0.0,0.0
104.23362,312.8466,0.0,0.0,0.020543551,0.0,0.0,0.0,0.0
-172.37115,119.49671,0.0,0.0,-0.033972874,0.0,0.0,0.0,0.0
-41.074158,63.03302,0.0,0.0,-0.008095363,0.0,0.0,0.0,0.0
95.88695,398.5811,0.0,0.0,0.018898493,0.0,0.0,0.0,0.0
-46.06891,-447.3165,0.0,0.0,-0.009079786,0.0,0.0,0.0,0.0
-0.14823669,992.42773,0.0,-5.187679E-12,-2.9216271E-5,0.0,-2.4868996E-14,8.2548067E-16,0.0
-20.432114,-536.5779,0.0,0.0,-0.004026994,0.0,0.0,0.0,0.0
357.755,736.2305,0.0,-4.4790298E-8,0.07051043,0.0,-1.8189894E-12,1.17310415E-11,0.0
-23.57146,214.96413,0.0,-8.852628E-9,-0.004645715,0.0,4.6611603E-12,2.4271646E-12,0.0
-9.875715,554.5813,0.0,0.0,-0.0019464185,0.0,0.0,0.0,0.0
2.8267236,-837.30396,0.0,-4.3653982E-4,-3.810592E-5,0.0,-1.6065802E-7,1.11263304E-7,0.0
17.205297,-963.54004,0.0,0.0,0.0033910163,0.0,0.0,0.0,0.0
-318.04062,465.86118,0.0,1.5500087E-8,-0.06268307,0.0,1.8189894E-12,-4.03391E-12,0.0
-9.730518,630.66595,0.0,2.1723068E-9,-0.0019178031,0.0,-3.9790393E-13,-5.794618E-13,0.0
38.338005,124.251884,0.0,0.0,0.007556091,0.0,0.0,0.0,0.0
-101.37314,-289.39047,0.0,2.9347039E-8,-0.019979773,0.0,4.5474735E-13,-7.702231E-12,0.0
-392.03638,387.4146,0.0,1.4421242E-8,-0.077267,0.0,1.8189894E-12,-3.750402E-12,0.0
98.83768,359.07922,0.0,0.0,0.019480057,0.0,0.0,0.0,0.0
-7.188196,380.0628,0.0,-7.052474E-9,-0.0014167333,0.0,-4.8316906E-13,1.8431682E-12,0.0
-136.13754,-482.01758,0.0,2.51176E-8,-0.02683154,0.0,4.5474735E-13,-6.5907835E-12,0.0
115.463615,388.1285,0.0,-2.7738785E-8,0.022756886,0.0,-4.5474735E-13,7.2796005E-12,0.0
68.999886,863.4019,0.0,-6.160746E-9,0.01359928,0.0,-1.1368684E-12,1.594389E-12,0.0
