-2.47701456E8,-7.7143088E7,0.0,-3595.4211,11544.664,0.0,0.0,0.0,0.0
-2.47701456E8,-7.7143088E7,0.0,-3595.4211,11544.664,0.0,0.0,0.0,0.0
-2.47701456E8,-7.7143088E7,0.0,-3595.4211,11544.664,0.0,0.0,0.0,0.0
-2.47701456E8,-7.7143088E7,0.0,-3595.4211,11544.664,0.0,0.0,0.0,0.0
-2.47701456E8,-7.7143088E7,0.0,-3595.4211,11544.664,0.0,0.0,0.0,0.0
-2.47701456E8,-7.7143088E7,0.0,-3595.4211,11544.664,0.0,0.0,0.0,0.0
-2.47701456E8,-7.7143088E7,0.0,-3595.4211,11544.664,0.0,0.0,0.0,0.0
-2.47701456E8,-7.7143088E7,0.0,-3595.4211,11544.664,0.0,0.0,0.0,0.0
-2.47701456E8,-7.7143088E7,0.0,-3595.4211,11544.664,0.0,0.0,0.0,0.0
-2.47701456E8,-7.7143088E7,0.0,-3595.4211,11544.664,0.0,0.0,0.0,0.0
-2.47098768E8,-7.6540432E7,0.0,-3582.9475,11566.983,0.0,0.0,0.0,0.0
-2.47098768E8,-7.6540432E7,0.0,-3582.9475,11566.983,0.0,0.0,0.0,0.0
-2.47098768E8,-7.6540432E7,0.0,-3582.9475,11566.983,0.0,0.0,0.0,0.0
-2.47098768E8,-7.6540432E7,0.0,-3582.9475,11566.983,0.0,0.0,0.0,0.0
-2.47098768E8,-7.6540432E7,0.0,-3582.9475,11566.983,0.0,0.0,0.0,0.0
-2.47098768E8,-7.6540432E7,0.0,-3582.9475,11566.983,0.0,0.0,0.0,0.0
-2.47098768E8,-7.6540432E7,0.0,-3582.9475,11566.983,0.0,0.0,0.0,0.0
-2.47098768E8,-7.6540432E7,0.0,-3582.9475,11566.983,0.0,0.0,0.0,0.0
-2.47098768E8,-7.6540432E7,0.0,-3582.9475,11566.983,0.0,0.0,0.0,0.0
-2.47098768E8,-7.6540432E7,0.0,-3582.9475,11566.983,0.0,0.0,0.0,0.0
-2.47098768E8,-7.6540432E7,0.0,-3582.9475,11566.983,0.0,0.0,0.0,0.0
-2.47098768E8,-7.6540432E7,0.0,-3582.9475,11566.983,0.0,0.0,0.0,0.0
-2.46496112E8,-7.5335032E7,0.0,-3545.6355,11601.313,0.0,0.0,0.0,0.0
-2.46496112E8,-7.5335032E7,0.0,-3545.6355,11601.313,0.0,0.0,0.0,0.0
-2.46496112E8,-7.5335032E7,0.0,-3545.6355,11601.313,0.0,0.0,0.0,0.0
-2.46496112E8,-7.5335032E7,0.0,-3545.6355,11601.313,0.0,0.0,0.0,0.0
-2.46496112E8,-7.5335032E7,0.0,-3545.6355,11601.313,0.0,0.0,0.0,0.0
-2.46496112E8,-7.5335032E7,0.0,-3545.6355,11601.313,0.0,0.0,0.0,0.0
-2.46496112E8,-7.5335032E7,0.0,-3545.6355,11601.313,0.0,0.0,0.0,0.0
-2.46496112E8,-7.5335032E7,0.0,-3545.6355,11601.313,0.0,0.0,0.0,0.0
-2.46496112E8,-7.5335032E7,0.0,-3545.6355,11601.313,0.0,0.0,0.0,0.0
-2.46496112E8,-7.5335032E7,0.0,-3545.6355,11601.313,0.0,0.0,0.0,0.0
-2.46496112E8,-7.5335032E7,0.0,-3545.6355,11601.313,0.0,0.0,0.0,0.0
-2.46496112E8,-7.5335032E7,0.0,-3545.6355,11601.313,0.0,0.0,0.0,0.0
-2.46496112E8,-7.5335032E7,0.0,-3545.6355,11601.313,0.0,0.0,0.0,0.0
-2.46496112E8,-7.5335032E7,0.0,-3545.6355,11601.313,0.0,0.0,0.0,0.0
-2.45893408E8,-7.533504E7,0.0,-3557.561,11611.871,0.0,0.0,0.0,0.0
-2.45893408E8,-7.533504E7,0.0,-3557.561,11611.871,0.0,0.0,0.0,0.0
-2.45893408E8,-7.533504E7,0.0,-3557.561,11611.871,0.0,0.0,0.0,0.0
-2.45893408E8,-7.533504E7,0.0,-3557.561,11611.871,0.0,0.0,0.0,0.0
-2.45893408E8,-7.533504E7,0.0,-3557.561,11611.871,0.0,0.0,0.0,0.0
-2.45893408E8,-7.533504E7,0.0,-3557.561,11611.871,0.0,0.0,0.0,0.0
-2.45893408E8,-7.533504E7,0.0,-3557.561,11611.871,0.0,0.0,0.0,0.0
-2.45893408E8,-7.533504E7,0.0,-3557.561,11611.871,0.0,0.0,0.0,0.0
-2.45893408E8,-7.533504E7,0.0,-3557.561,11611.871,0.0,0.0,0.0,0.0
-2.45893408E8,-7.533504E7,0.0,-3557.561,11611.871,0.0,0.0,0.0,0.0
-2.45893408E8,-7.533504E7,0.0,-3557.561,11611.871,0.0,0.0,0.0,0.0
-2.45893408E8,-7.533504E7,0.0,-3557.561,11611.871,0.0,0.0,0.0,0.0
-2.45893408E8,-7.533504E7,0.0,-3557.561,11611.871,0.0,0.0,0.0,0.0
-2.45893408E8,-7.533504E7,0.0,-3557.561,11611.871,0.0,0.0,0.0,0.0
-2.44688048E8,-7.4732376E7,0.0,-3556.6335,11645.096,0.0,0.0,0.0,0.0
-2.44688048E8,-7.4732376E7,0.0,-3556.6335,11645.096,0.0,0.0,0.0,0.0
-2.44688048E8,-7.4732376E7,0.0,-3556.6335,11645.096,0.0,0.0,0.0,0.0
-2.44688048E8,-7.4732376E7,0.0,-3556.6335,11645.096,0.0,0.0,0.0,0.0
-2.44688048E8,-7.4732376E7,0.0,-3556.6335,11645.096,0.0,0.0,0.0,0.0
-2.44688048E8,-7.4732376E7,0.0,-3556.6335,11645.096,0.0,0.0,0.0,0.0
-2.44688048E8,-7.4732376E7,0.0,-3556.6335,11645.096,0.0,0.0,0.0,0.0
-2.44688048E8,-7.4732376E7,0.0,-3556.6335,11645.096,0.0,0.0,0.0,0.0
-2.44688048E8,-7.4732376E7,0.0,-3556.6335,11645.096,0.0,0.0,0.0,0.0
-2.44688048E8,-7.4732376E7,0.0,-3556.6335,11645.096,0.0,0.0,0.0,0.0
-2.44688048E8,-7.4732376E7,0.0,-3556.6335,11645.096,0.0,0.0,0.0,0.0
-2.44688048E8,-7.4732376E7,0.0,-3556.6335,11645.096,0.0,0.0,0.0,0.0
-2.44688048E8,-7.4732376E7,0.0,-3556.6335,11645.096,0.0,0.0,0.0,0.0
-2.44688048E8,-7.4732376E7,0.0,-3556.6335,11645.096,0.0,0.0,0.0,0.0
-2.44688048E8,-7.4732376E7,0.0,-3556.6335,11645.096,0.0,0.0,0.0,0.0
-2.44085392E8,-7.5335024E7,0.0,-3593.723,11643.658,0.0,0.0,0.0,0.0
-2.44085392E8,-7.5335024E7,0.0,-3593.723,11643.658,0.0,0.0,0.0,0.0
-2.44085392E8,-7.5335024E7,0.0,-3593.723,11643.658,0.0,0.0,0.0,0.0
-2.44085392E8,-7.5335024E7,0.0,-3593.723,11643.658,0.0,0.0,0.0,0.0
-2.44085392E8,-7.5335024E7,0.0,-3593.723,11643.658,0.0,0.0,0.0,0.0
-2.44085392E8,-7.5335024E7,0.0,-3593.723,11643.658,0.0,0.0,0.0,0.0
-2.44085392E8,-7.5335024E7,0.0,-3593.723,11643.658,0.0,0.0,0.0,0.0
-2.44085392E8,-7.5335024E7,0.0,-3593.723,11643.658,0.0,0.0,0.0,0.0
-2.44085392E8,-7.5335024E7,0.0,-3593.723,11643.658,0.0,0.0,0.0,0.0
-2.44085392E8,-7.5335024E7,0.0,-3593.723,11643.658,0.0,0.0,0.0,0.0
-2.44085392E8,-7.5335024E7,0.0,-3593.723,11643.658,0.0,0.0,0.0,0.0
-2.42880032E8,-7.4732384E7,0.0,-3592.9863,11677.195,0.0,0.0,0.0,0.0
-2.42880032E8,-7.4732384E7,0.0,-3592.9863,11677.195,0.0,0.0,0.0,0.0
-2.42880032E8,-7.4732384E7,0.0,-3592.9863,11677.195,0.0,0.0,0.0,0.0
-2.42880032E8,-7.4732384E7,0.0,-3592.9863,11677.195,0.0,0.0,0.0,0.0
-2.42880032E8,-7.4732384E7,0.0,-3592.9863,11677.195,0.0,0.0,0.0,0.0
-2.42880032E8,-7.4732384E7,0.0,-3592.9863,11677.195,0.0,0.0,0.0,0.0
-2.42880032E8,-7.4732384E7,0.0,-3592.9863,11677.195,0.0,0.0,0.0,0.0
-2.42880032E8,-7.4732384E7,0.0,-3592.9863,11677.195,0.0,0.0,0.0,0.0
-2.42880032E8,-7.4732384E7,0.0,-3592.9863,11677.195,0.0,0.0,0.0,0.0
-2.42880032E8,-7.4732384E7,0.0,-3592.9863,11677.195,0.0,0.0,0.0,0.0
-2.42880032E8,-7.4732384E7,0.0,-3592.9863,11677.195,0.0,0.0,0.0,0.0
-2.42880032E8,-7.4732384E7,0.0,-3592.9863,11677.195,0.0,0.0,0.0,0.0
-2.42880032E8,-7.4732384E7,0.0,-3592.9863,11677.195,0.0,0.0,0.0,0.0
-2.42880032E8,-7.4732384E7,0.0,-3592.9863,11677.195,0.0,0.0,0.0,0.0
-2.48304144E8,-7.8348448E7,0.0,-3631.934,11510.429,0.0,0.0,0.0,0.0
-2.48304144E8,-7.8348448E7,0.0,-3631.934,11510.429,0.0,0.0,0.0,0.0
-2.48304144E8,-7.8348448E7,0.0,-3631.934,11510.429,0.0,0.0,0.0,0.0
-2.48304144E8,-7.8348448E7,0.0,-3631.934,11510.429,0.0,0.0,0.0,0.0
-2.48304144E8,-7.8348448E7,0.0,-3631.934,11510.429,0.0,0.0,0.0,0.0
-2.48304144E8,-7.8348448E7,0.0,-3631.934,11510.429,0.0,0.0,0.0,0.0
-2.48304144E8,-7.8348448E7,0.0,-3631.934,11510.429,0.0,0.0,0.0,0.0
-2.48304144E8,-7.8348448E7,0.0,-3631.934,11510.429,0.0,0.0,0.0,0.0
-2.48304144E8,-7.8348448E7,0.0,-3631.934,11510.429,0.0,0.0,0.0,0.0
-2.48304144E8,-7.8348448E7,0.0,-3631.934,11510.429,0.0,0.0,0.0,0.0
-2.48304144E8,-7.8348448E7,0.0,-3631.934,11510.429,0.0,0.0,0.0,0.0
-2.48304144E8,-7.8348448E7,0.0,-3631.934,11510.429,0.0,0.0,0.0,0.0
-2.48304144E8,-7.8348448E7,0.0,-3631.934,11510.429,0.0,0.0,0.0,0.0
-2.48304144E8,-7.8348448E7,0.0,-3631.934,11510.429,0.0,0.0,0.0,0.0
-2.48304144E8,-7.8348448E7,0.0,-3631.934,11510.429,0.0,0.0,0.0,0.0
-2.48304144E8,-7.8348448E7,0.0,-3631.934,11510.429,0.0,0.0,0.0,0.0
-2.48304144E8,-7.8348448E7,0.0,-3631.934,11510.429,0.0,0.0,0.0,0.0
-2.48304144E8,-7.8348448E7,0.0,-3631.934,11510.429,0.0,0.0,0.0,0.0
-2.48304144E8,-7.8348448E7,0.0,-3631.934,11510.429,0.0,0.0,0.0,0.0
-2.48304144E8,-7.8348448E7,0.0,-3631.934,11510.429,0.0,0.0,0.0,0.0
-2.48304144E8,-7.8348448E7,0.0,-3631.934,11510.429,0.0,0.0,0.0,0.0
-2.48304144E8,-7.8348448E7,0.0,-3631.934,11510.429,0.0,0.0,0.0,0.0
-2.48304144E8,-7.8348448E7,0.0,-3631.934,11510.429,0.0,0.0,0.0,0.0
-2.48304144E8,-7.8348448E7,0.0,-3631.934,11510.429,0.0,0.0,0.0,0.0
-2.48304144E8,-7.8348448E7,0.0,-3631.934,11510.429,0.0,0.0,0.0,0.0
-2.48304144E8,-7.8348448E7,0.0,-3631.934,11510.429,0.0,0.0,0.0,0.0
-2.48304144E8,-7.8348448E7,0.0,-3631.934,11510.429,0.0,0.0,0.0,0.0
-2.48304144E8,-7.8348448E7,0.0,-3631.934,11510.429,0.0,0.0,0.0,0.0
-2.48304144E8,-7.8348448E7,0.0,-3631.934,11510.429,0.0,0.0,0.0,0.0
-2.48304144E8,-7.8348448E7,0.0,-3631.934,11510.429,0.0,0.0,0.0,0.0
-2.48304144E8,-7.8348448E7,0.0,-3631.934,11510.429,0.0,0.0,0.0,0.0
-2.48304144E8,-7.8348448E7,0.0,-3631.934,11510.429,0.0,0.0,0.0,0.0
-2.48304144E8,-7.8348448E7,0.0,-3631.934,11510.429,0.0,0.0,0.0,0.0
-2.4830416E8,-7.7745776E7,0.0,-3607.7515,11522.422,0.0,0.0,0.0,0.0
-2.4830416E8,-7.7745776E7,0.0,-3607.7515,11522.422,0.0,0.0,0.0,0.0
-2.4830416E8,-7.7745776E7,0.0,-3607.7515,11522.422,0.0,0.0,0.0,0.0
-2.47701456E8,-7.7143088E7,0.0,-3595.4211,11544.664,0.0,0.0,0.0,0.0
-2.47701456E8,-7.7143088E7,0.0,-3595.4211,11544.664,0.0,0.0,0.0,0.0
-2.47701456E8,-7.7143088E7,0.0,-3595.4211,11544.664,0.0,0.0,0.0,0.0
-2.47098768E8,-7.6540432E7,0.0,-3582.9475,11566.983,0.0,0.0,0.0,0.0
-2.46496112E8,-7.6540384E7,0.0,-3594.9382,11577.3955,0.0,0.0,0.0,0.0
-2.46496112E8,-7.5937744E7,0.0,-3570.328,11589.388,0.0,0.0,0.0,0.0
-2.46496112E8,-7.5937744E7,0.0,-3570.328,11589.388,0.0,0.0,0.0,0.0
-2.46496112E8,-7.5937744E7,0.0,-3570.328,11589.388,0.0,0.0,0.0,0.0
-2.46496112E8,-7.5937744E7,0.0,-3570.328,11589.388,0.0,0.0,0.0,0.0
-2.46496112E8,-7.5937744E7,0.0,-3570.328,11589.388,0.0,0.0,0.0,0.0
-2.45893408E8,-7.5937744E7,0.0,-3582.3196,11599.881,0.0,0.0,0.0,0.0
-2.45893408E8,-7.5937744E7,0.0,-3582.3196,11599.881,0.0,0.0,0.0,0.0
-2.45893408E8,-7.533504E7,0.0,-3557.561,11611.871,0.0,0.0,0.0,0.0
-2.45290752E8,-7.5335048E7,0.0,-3569.5503,11622.447,0.0,0.0,0.0,0.0
-2.45290752E8,-7.4732352E7,0.0,-3544.6455,11634.436,0.0,0.0,0.0,0.0
-2.45290752E8,-7.4732352E7,0.0,-3544.6455,11634.436,0.0,0.0,0.0,0.0
-2.44688048E8,-7.4732376E7,0.0,-3556.6335,11645.096,0.0,0.0,0.0,0.0
-2.44688048E8,-7.4129688E7,0.0,-3531.5815,11657.081,0.0,0.0,0.0,0.0
-2.44688048E8,-7.4129688E7,0.0,-3531.5815,11657.081,0.0,0.0,0.0,0.0
-2.43482688E8,-7.2924344E7,0.0,-3504.9949,11702.616,0.0,0.0,0.0,0.0
-2.42880048E8,-7.2321656E7,0.0,-3491.4683,11725.506,0.0,0.0,0.0,0.0
-2.42880048E8,-7.2321656E7,0.0,-3491.4683,11725.506,0.0,0.0,0.0,0.0
-2.42880048E8,-7.2321656E7,0.0,-3491.4683,11725.506,0.0,0.0,0.0,0.0
-2.42880048E8,-7.2321656E7,0.0,-3491.4683,11725.506,0.0,0.0,0.0,0.0
-2.42277344E8,-7.1718984E7,0.0,-3477.7861,11748.477,0.0,0.0,0.0,0.0
-2.42277344E8,-7.1718984E7,0.0,-3477.7861,11748.477,0.0,0.0,0.0,0.0
-2.41674656E8,-7.1718968E7,0.0,-3489.75,11759.568,0.0,0.0,0.0,0.0
-2.41674656E8,-7.1718968E7,0.0,-3489.75,11759.568,0.0,0.0,0.0,0.0
-2.41072E8,-7.1718952E7,0.0,-3501.7793,11770.682,0.0,0.0,0.0,0.0
-2.4046928E8,-7.1116296E7,0.0,-3487.927,11793.911,0.0,0.0,0.0,0.0
-2.4046928E8,-7.1116296E7,0.0,-3487.927,11793.911,0.0,0.0,0.0,0.0
-2.3986664E8,-7.0513568E7,0.0,-3473.9084,11817.225,0.0,0.0,0.0,0.0
-2.3986664E8,-7.0513568E7,0.0,-3473.9084,11817.225,0.0,0.0,0.0,0.0
-2.39263952E8,-7.0513624E7,0.0,-3485.9956,11828.538,0.0,0.0,0.0,0.0
-2.39263936E8,-6.9910904E7,0.0,-3459.7295,11840.62,0.0,0.0,0.0,0.0
-2.39263936E8,-6.9910904E7,0.0,-3459.7295,11840.62,0.0,0.0,0.0,0.0
-2.39263968E8,-6.9308264E7,0.0,-3433.3833,11852.626,0.0,0.0,0.0,0.0
-2.39263968E8,-6.870556E7,0.0,-3406.953,11864.557,0.0,0.0,0.0,0.0
-2.3866128E8,-6.8705552E7,0.0,-3418.8774,11876.096,0.0,0.0,0.0,0.0
-2.3866128E8,-6.8705552E7,0.0,-3418.8774,11876.096,0.0,0.0,0.0,0.0
-2.3866128E8,-6.8705552E7,0.0,-3418.8774,11876.096,0.0,0.0,0.0,0.0
-2.3866128E8,-6.8102904E7,0.0,-3392.2905,11888.016,0.0,0.0,0.0,0.0
-2.38058608E8,-6.7500192E7,0.0,-3377.4563,11911.56,0.0,0.0,0.0,0.0
-2.38058608E8,-6.7500192E7,0.0,-3377.4563,11911.56,0.0,0.0,0.0,0.0
-2.38058608E8,-6.7500192E7,0.0,-3377.4563,11911.56,0.0,0.0,0.0,0.0
-2.3745592E8,-6.6897492E7,0.0,-3362.451,11935.185,0.0,0.0,0.0,0.0
-2.3745592E8,-6.6897492E7,0.0,-3362.451,11935.185,0.0,0.0,0.0,0.0
-2.3745592E8,-6.6897492E7,0.0,-3362.451,11935.185,0.0,0.0,0.0,0.0
-2.3745592E8,-6.6897492E7,0.0,-3362.451,11935.185,0.0,0.0,0.0,0.0
-2.3745592E8,-6.6897492E7,0.0,-3362.451,11935.185,0.0,0.0,0.0,0.0
-2.3745592E8,-6.6897492E7,0.0,-3362.451,11935.185,0.0,0.0,0.0,0.0
-2.3745592E8,-6.6897492E7,0.0,-3362.451,11935.185,0.0,0.0,0.0,0.0
-2.37455936E8,-6.6294824E7,0.0,-3335.459,11947.004,0.0,0.0,0.0,0.0
-2.37455936E8,-6.6294824E7,0.0,-3335.459,11947.004,0.0,0.0,0.0,0.0
-2.36853232E8,-6.5692144E7,0.0,-3320.1182,11970.696,0.0,0.0,0.0,0.0
-2.36853232E8,-6.5089508E7,0.0,-3292.8828,11982.422,0.0,0.0,0.0,0.0
-2.3625056E8,-6.5089484E7,0.0,-3304.601,11994.47,0.0,0.0,0.0,0.0
-2.3625056E8,-6.5089484E7,0.0,-3304.601,11994.47,0.0,0.0,0.0,0.0
-2.3625056E8,-6.5089484E7,0.0,-3304.601,11994.47,0.0,0.0,0.0,0.0
-2.35647888E8,-6.4486788E7,0.0,-3288.9033,12018.324,0.0,0.0,0.0,0.0
-2.35647888E8,-6.4486788E7,0.0,-3288.9033,12018.324,0.0,0.0,0.0,0.0
-2.35045184E8,-6.3884144E7,0.0,-3273.028,12042.26,0.0,0.0,0.0,0.0
-2.35045184E8,-6.3884144E7,0.0,-3273.028,12042.26,0.0,0.0,0.0,0.0
-2.34442512E8,-6.3884128E7,0.0,-3284.7834,12054.526,0.0,0.0,0.0,0.0
-2.34442512E8,-6.3884128E7,0.0,-3284.7834,12054.526,0.0,0.0,0.0,0.0
-2.34442512E8,-6.3281416E7,0.0,-3256.9646,12066.274,0.0,0.0,0.0,0.0
-2.34442512E8,-6.3281416E7,0.0,-3256.9646,12066.274,0.0,0.0,0.0,0.0
-2.33839824E8,-6.3281452E7,0.0,-3268.707,12078.64,0.0,0.0,0.0,0.0
-2.33839824E8,-6.3281452E7,0.0,-3268.707,12078.64,0.0,0.0,0.0,0.0
-2.33839824E8,-6.3281452E7,0.0,-3268.707,12078.64,0.0,0.0,0.0,0.0
-2.33237152E8,-6.3281436E7,0.0,-3280.5151,12091.034,0.0,0.0,0.0,0.0
-2.33237152E8,-6.3281436E7,0.0,-3280.5151,12091.034,0.0,0.0,0.0,0.0
-2.33237152E8,-6.3281436E7,0.0,-3280.5151,12091.034,0.0,0.0,0.0,0.0
-2.33237152E8,-6.3281436E7,0.0,-3280.5151,12091.034,0.0,0.0,0.0,0.0
-2.33237152E8,-6.3281436E7,0.0,-3280.5151,12091.034,0.0,0.0,0.0,0.0
-2.32634448E8,-6.328146E7,0.0,-3292.3943,12103.456,0.0,0.0,0.0,0.0
-2.32634448E8,-6.328146E7,0.0,-3292.3943,12103.456,0.0,0.0,0.0,0.0
-2.32634448E8,-6.328146E7,0.0,-3292.3943,12103.456,0.0,0.0,0.0,0.0
-2.32634448E8,-6.328146E7,0.0,-3292.3943,12103.456,0.0,0.0,0.0,0.0
-2.32634448E8,-6.267878E7,0.0,-3264.236,12115.324,0.0,0.0,0.0,0.0
-2.32634448E8,-6.267878E7,0.0,-3264.236,12115.324,0.0,0.0,0.0,0.0
-2.32634448E8,-6.267878E7,0.0,-3264.236,12115.324,0.0,0.0,0.0,0.0
-2.32031792E8,-6.267878E7,0.0,-3276.0972,12127.848,0.0,0.0,0.0,0.0
-2.32031792E8,-6.267878E7,0.0,-3276.0972,12127.848,0.0,0.0,0.0,0.0
-2.32031792E8,-6.267878E7,0.0,-3276.0972,12127.848,0.0,0.0,0.0,0.0
-2.32031776E8,-6.20761E7,0.0,-3247.767,12139.699,0.0,0.0,0.0,0.0
-2.32031776E8,-6.20761E7,0.0,-3247.767,12139.699,0.0,0.0,0.0,0.0
-2.32031776E8,-6.20761E7,0.0,-3247.767,12139.699,0.0,0.0,0.0,0.0
-2.32031776E8,-6.20761E7,0.0,-3247.767,12139.699,0.0,0.0,0.0,0.0
-2.32031776E8,-6.20761E7,0.0,-3247.767,12139.699,0.0,0.0,0.0,0.0
-2.32031776E8,-6.20761E7,0.0,-3247.767,12139.699,0.0,0.0,0.0,0.0
-2.3142912E8,-6.1473404E7,0.0,-3231.1062,12164.156,0.0,0.0,0.0,0.0
-2.3142912E8,-6.1473404E7,0.0,-3231.1062,12164.156,0.0,0.0,0.0,0.0
-2.3142912E8,-6.1473404E7,0.0,-3231.1062,12164.156,0.0,0.0,0.0,0.0
-2.3142912E8,-6.1473404E7,0.0,-3231.1062,12164.156,0.0,0.0,0.0,0.0
-2.3142912E8,-6.1473404E7,0.0,-3231.1062,12164.156,0.0,0.0,0.0,0.0
-2.3142912E8,-6.1473404E7,0.0,-3231.1062,12164.156,0.0,0.0,0.0,0.0
-2.30826416E8,-6.1473416E7,0.0,-3242.9314,12176.877,0.0,0.0,0.0,0.0
-2.30826416E8,-6.1473416E7,0.0,-3242.9314,12176.877,0.0,0.0,0.0,0.0
-2.30826416E8,-6.1473416E7,0.0,-3242.9314,12176.877,0.0,0.0,0.0,0.0
-2.30826416E8,-6.1473416E7,0.0,-3242.9314,12176.877,0.0,0.0,0.0,0.0
-2.30826432E8,-6.0870712E7,0.0,-3214.2527,12188.693,0.0,0.0,0.0,0.0
-2.30826432E8,-6.0870712E7,0.0,-3214.2527,12188.693,0.0,0.0,0.0,0.0
-2.30826432E8,-6.0870712E7,0.0,-3214.2527,12188.693,0.0,0.0,0.0,0.0
-2.30826432E8,-6.0870712E7,0.0,-3214.2527,12188.693,0.0,0.0,0.0,0.0
-2.30826416E8,-6.0268016E7,0.0,-3185.4888,12200.418,0.0,0.0,0.0,0.0
-2.3022376E8,-6.0268052E7,0.0,-3197.2048,12213.312,0.0,0.0,0.0,0.0
-2.3022376E8,-6.0268052E7,0.0,-3197.2048,12213.312,0.0,0.0,0.0,0.0
-2.30223728E8,-5.9665384E7,0.0,-3168.2668,12225.015,0.0,0.0,0.0,0.0
-2.30223728E8,-5.9665384E7,0.0,-3168.2668,12225.015,0.0,0.0,0.0,0.0
-2.3022376E8,-5.9062668E7,0.0,-3139.241,12236.627,0.0,0.0,0.0,0.0
-2.3022376E8,-5.9062668E7,0.0,-3139.241,12236.627,0.0,0.0,0.0,0.0
-2.3022376E8,-5.9062668E7,0.0,-3139.241,12236.627,0.0,0.0,0.0,0.0
-2.3022376E8,-5.9062668E7,0.0,-3139.241,12236.627,0.0,0.0,0.0,0.0
-2.29621056E8,-5.90627E7,0.0,-3150.8433,12249.693,0.0,0.0,0.0,0.0
-2.29621056E8,-5.90627E7,0.0,-3150.8433,12249.693,0.0,0.0,0.0,0.0
-2.29621056E8,-5.90627E7,0.0,-3150.8433,12249.693,0.0,0.0,0.0,0.0
-2.29621056E8,-5.90627E7,0.0,-3150.8433,12249.693,0.0,0.0,0.0,0.0
-2.29621056E8,-5.90627E7,0.0,-3150.8433,12249.693,0.0,0.0,0.0,0.0
-2.29621056E8,-5.90627E7,0.0,-3150.8433,12249.693,0.0,0.0,0.0,0.0
-2.29621056E8,-5.90627E7,0.0,-3150.8433,12249.693,0.0,0.0,0.0,0.0
-2.29621056E8,-5.90627E7,0.0,-3150.8433,12249.693,0.0,0.0,0.0,0.0
-2.29621056E8,-5.90627E7,0.0,-3150.8433,12249.693,0.0,0.0,0.0,0.0
-2.29621056E8,-5.90627E7,0.0,-3150.8433,12249.693,0.0,0.0,0.0,0.0
-2.29621056E8,-5.90627E7,0.0,-3150.8433,12249.693,0.0,0.0,0.0,0.0
-2.29621056E8,-5.90627E7,0.0,-3150.8433,12249.693,0.0,0.0,0.0,0.0
-2.29621056E8,-5.90627E7,0.0,-3150.8433,12249.693,0.0,0.0,0.0,0.0
-2.29621056E8,-5.90627E7,0.0,-3150.8433,12249.693,0.0,0.0,0.0,0.0
-2.29018384E8,-5.8459988E7,0.0,-3133.2168,12274.451,0.0,0.0,0.0,0.0
-2.29018384E8,-5.8459988E7,0.0,-3133.2168,12274.451,0.0,0.0,0.0,0.0
-2.29018384E8,-5.8459988E7,0.0,-3133.2168,12274.451,0.0,0.0,0.0,0.0
-2.29018384E8,-5.8459988E7,0.0,-3133.2168,12274.451,0.0,0.0,0.0,0.0
-2.29018384E8,-5.8459988E7,0.0,-3133.2168,12274.451,0.0,0.0,0.0,0.0
-2.29018384E8,-5.8459988E7,0.0,-3133.2168,12274.451,0.0,0.0,0.0,0.0
-2.29018384E8,-5.8459988E7,0.0,-3133.2168,12274.451,0.0,0.0,0.0,0.0
-2.29018384E8,-5.8459988E7,0.0,-3133.2168,12274.451,0.0,0.0,0.0,0.0
-2.29018384E8,-5.8459988E7,0.0,-3133.2168,12274.451,0.0,0.0,0.0,0.0
-2.29018384E8,-5.8459988E7,0.0,-3133.2168,12274.451,0.0,0.0,0.0,0.0
-2.28415712E8,-5.8460008E7,0.0,-3144.8643,12287.655,0.0,0.0,0.0,0.0
-2.28415712E8,-5.8460008E7,0.0,-3144.8643,12287.655,0.0,0.0,0.0,0.0
-2.28415712E8,-5.8460008E7,0.0,-3144.8643,12287.655,0.0,0.0,0.0,0.0
-2.27813024E8,-5.7857336E7,0.0,-3127.0122,12312.598,0.0,0.0,0.0,0.0
-2.27813024E8,-5.7857336E7,0.0,-3127.0122,12312.598,0.0,0.0,0.0,0.0
-2.27813024E8,-5.7857336E7,0.0,-3127.0122,12312.598,0.0,0.0,0.0,0.0
-2.27813024E8,-5.7857336E7,0.0,-3127.0122,12312.598,0.0,0.0,0.0,0.0
-2.27813024E8,-5.7857336E7,0.0,-3127.0122,12312.598,0.0,0.0,0.0,0.0
-2.27813024E8,-5.7857336E7,0.0,-3127.0122,12312.598,0.0,0.0,0.0,0.0
-2.27210352E8,-5.7857348E7,0.0,-3138.7048,12325.94,0.0,0.0,0.0,0.0
-2.27210352E8,-5.7857348E7,0.0,-3138.7048,12325.94,0.0,0.0,0.0,0.0
-2.26607664E8,-5.7254656E7,0.0,-3120.6196,12351.07,0.0,0.0,0.0,0.0
-2.2660768E8,-5.665194E7,0.0,-3090.6824,12362.725,0.0,0.0,0.0,0.0
-2.2660768E8,-5.665194E7,0.0,-3090.6824,12362.725,0.0,0.0,0.0,0.0
-2.2660768E8,-5.665194E7,0.0,-3090.6824,12362.725,0.0,0.0,0.0,0.0
-2.26004992E8,-5.6049256E7,0.0,-3072.202,12387.907,0.0,0.0,0.0,0.0
-2.26004992E8,-5.6049256E7,0.0,-3072.202,12387.907,0.0,0.0,0.0,0.0
-2.26004992E8,-5.6049256E7,0.0,-3072.202,12387.907,0.0,0.0,0.0,0.0
-2.26004992E8,-5.6049256E7,0.0,-3072.202,12387.907,0.0,0.0,0.0,0.0
-2.25402288E8,-5.6049268E7,0.0,-3083.8154,12401.572,0.0,0.0,0.0,0.0
-2.25402288E8,-5.6049268E7,0.0,-3083.8154,12401.572,0.0,0.0,0.0,0.0
-2.2540232E8,-5.5446604E7,0.0,-3053.5098,12413.171,0.0,0.0,0.0,0.0
-2.2540232E8,-5.5446604E7,0.0,-3053.5098,12413.171,0.0,0.0,0.0,0.0
-2.2540232E8,-5.4843944E7,0.0,-3023.118,12424.667,0.0,0.0,0.0,0.0
-2.2540232E8,-5.4843944E7,0.0,-3023.118,12424.667,0.0,0.0,0.0,0.0
-2.2540232E8,-5.4843944E7,0.0,-3023.118,12424.667,0.0,0.0,0.0,0.0
-2.2540232E8,-5.4843944E7,0.0,-3023.118,12424.667,0.0,0.0,0.0,0.0
-2.24799616E8,-5.4241256E7,0.0,-3004.0195,12449.979,0.0,0.0,0.0,0.0
-2.24799616E8,-5.4241256E7,0.0,-3004.0195,12449.979,0.0,0.0,0.0,0.0
-2.24799616E8,-5.4241256E7,0.0,-3004.0195,12449.979,0.0,0.0,0.0,0.0
-2.24799616E8,-5.4241256E7,0.0,-3004.0195,12449.979,0.0,0.0,0.0,0.0
-2.24799616E8,-5.4241256E7,0.0,-3004.0195,12449.979,0.0,0.0,0.0,0.0
-2.24799616E8,-5.4241256E7,0.0,-3004.0195,12449.979,0.0,0.0,0.0,0.0
-2.24799616E8,-5.4241256E7,0.0,-3004.0195,12449.979,0.0,0.0,0.0,0.0
-2.24799616E8,-5.4241256E7,0.0,-3004.0195,12449.979,0.0,0.0,0.0,0.0
-2.24799616E8,-5.4241256E7,0.0,-3004.0195,12449.979,0.0,0.0,0.0,0.0
-2.2419696E8,-5.4241232E7,0.0,-3015.4695,12463.933,0.0,0.0,0.0,0.0
-2.2419696E8,-5.4241232E7,0.0,-3015.4695,12463.933,0.0,0.0,0.0,0.0
-2.2419696E8,-5.4241232E7,0.0,-3015.4695,12463.933,0.0,0.0,0.0,0.0
-2.2419696E8,-5.4241232E7,0.0,-3015.4695,12463.933,0.0,0.0,0.0,0.0
-2.24196944E8,-5.3638556E7,0.0,-2984.7004,12475.368,0.0,0.0,0.0,0.0
-2.24196944E8,-5.3638556E7,0.0,-2984.7004,12475.368,0.0,0.0,0.0,0.0
-2.24196944E8,-5.3638556E7,0.0,-2984.7004,12475.368,0.0,0.0,0.0,0.0
-2.23594272E8,-5.3638556E7,0.0,-2996.1196,12489.433,0.0,0.0,0.0,0.0
-2.23594272E8,-5.3638556E7,0.0,-2996.1196,12489.433,0.0,0.0,0.0,0.0
-2.23594272E8,-5.3638556E7,0.0,-2996.1196,12489.433,0.0,0.0,0.0,0.0
-2.23594272E8,-5.3638556E7,0.0,-2996.1196,12489.433,0.0,0.0,0.0,0.0
-2.23594272E8,-5.3638556E7,0.0,-2996.1196,12489.433,0.0,0.0,0.0,0.0
-2.23594272E8,-5.3638556E7,0.0,-2996.1196,12489.433,0.0,0.0,0.0,0.0
-2.23594272E8,-5.3638556E7,0.0,-2996.1196,12489.433,0.0,0.0,0.0,0.0
-2.23594272E8,-5.3638556E7,0.0,-2996.1196,12489.433,0.0,0.0,0.0,0.0
-2.23594272E8,-5.3638556E7,0.0,-2996.1196,12489.433,0.0,0.0,0.0,0.0
-2.23594272E8,-5.3638556E7,0.0,-2996.1196,12489.433,0.0,0.0,0.0,0.0
-2.23594272E8,-5.303586E7,0.0,-2965.159,12500.835,0.0,0.0,0.0,0.0
-2.23594272E8,-5.303586E7,0.0,-2965.159,12500.835,0.0,0.0,0.0,0.0
-2.23594272E8,-5.303586E7,0.0,-2965.159,12500.835,0.0,0.0,0.0,0.0
-2.229916E8,-5.3035908E7,0.0,-2976.5464,12515.009,0.0,0.0,0.0,0.0
-2.229916E8,-5.3035908E7,0.0,-2976.5464,12515.009,0.0,0.0,0.0,0.0
-2.229916E8,-5.24332E7,0.0,-2945.3938,12526.378,0.0,0.0,0.0,0.0
-2.229916E8,-5.24332E7,0.0,-2945.3938,12526.378,0.0,0.0,0.0,0.0
-2.229916E8,-5.24332E7,0.0,-2945.3938,12526.378,0.0,0.0,0.0,0.0
-2.229916E8,-5.24332E7,0.0,-2945.3938,12526.378,0.0,0.0,0.0,0.0
-2.229916E8,-5.24332E7,0.0,-2945.3938,12526.378,0.0,0.0,0.0,0.0
-2.229916E8,-5.24332E7,0.0,-2945.3938,12526.378,0.0,0.0,0.0,0.0
-2.229916E8,-5.24332E7,0.0,-2945.3938,12526.378,0.0,0.0,0.0,0.0
-2.22991568E8,-5.1830544E7,0.0,-2914.1582,12537.641,0.0,0.0,0.0,0.0
-2.22991568E8,-5.1830544E7,0.0,-2914.1582,12537.641,0.0,0.0,0.0,0.0
-2.22388896E8,-5.1830532E7,0.0,-2925.4014,12552.0,0.0,0.0,0.0,0.0
-2.22388896E8,-5.1830532E7,0.0,-2925.4014,12552.0,0.0,0.0,0.0,0.0
-2.22388896E8,-5.1830532E7,0.0,-2925.4014,12552.0,0.0,0.0,0.0,0.0
-2.22388896E8,-5.1830532E7,0.0,-2925.4014,12552.0,0.0,0.0,0.0,0.0
-2.22388896E8,-5.1830532E7,0.0,-2925.4014,12552.0,0.0,0.0,0.0,0.0
-2.22388896E8,-5.1830532E7,0.0,-2925.4014,12552.0,0.0,0.0,0.0,0.0
-2.22388896E8,-5.1830532E7,0.0,-2925.4014,12552.0,0.0,0.0,0.0,0.0
-2.22388896E8,-5.1830532E7,0.0,-2925.4014,12552.0,0.0,0.0,0.0,0.0
-2.22388912E8,-5.1227828E7,0.0,-2893.9695,12563.225,0.0,0.0,0.0,0.0
-2.22388912E8,-5.1227828E7,0.0,-2893.9695,12563.225,0.0,0.0,0.0,0.0
-2.22388912E8,-5.1227828E7,0.0,-2893.9695,12563.225,0.0,0.0,0.0,0.0
-2.22388912E8,-5.1227828E7,0.0,-2893.9695,12563.225,0.0,0.0,0.0,0.0
-2.21786224E8,-5.1227832E7,0.0,-2905.1763,12577.695,0.0,0.0,0.0,0.0
-2.21786224E8,-5.1227832E7,0.0,-2905.1763,12577.695,0.0,0.0,0.0,0.0
-2.21786224E8,-5.1227832E7,0.0,-2905.1763,12577.695,0.0,0.0,0.0,0.0
-2.21786224E8,-5.1227832E7,0.0,-2905.1763,12577.695,0.0,0.0,0.0,0.0
-2.21786224E8,-5.1227832E7,0.0,-2905.1763,12577.695,0.0,0.0,0.0,0.0
-2.21786224E8,-5.1227832E7,0.0,-2905.1763,12577.695,0.0,0.0,0.0,0.0
-2.21786224E8,-5.1227832E7,0.0,-2905.1763,12577.695,0.0,0.0,0.0,0.0
-2.2178624E8,-5.0625144E7,0.0,-2873.5505,12588.883,0.0,0.0,0.0,0.0
-2.2178624E8,-5.0625144E7,0.0,-2873.5505,12588.883,0.0,0.0,0.0,0.0
-2.21786224E8,-5.0022484E7,0.0,-2841.8418,12599.962,0.0,0.0,0.0,0.0
-2.21786224E8,-5.0022484E7,0.0,-2841.8418,12599.962,0.0,0.0,0.0,0.0
-2.21786224E8,-4.9419816E7,0.0,-2810.047,12610.928,0.0,0.0,0.0,0.0
-2.21786224E8,-4.9419816E7,0.0,-2810.047,12610.928,0.0,0.0,0.0,0.0
-2.21183536E8,-4.9419824E7,0.0,-2820.9946,12625.653,0.0,0.0,0.0,0.0
-2.21183536E8,-4.9419824E7,0.0,-2820.9946,12625.653,0.0,0.0,0.0,0.0
-2.21183536E8,-4.9419824E7,0.0,-2820.9946,12625.653,0.0,0.0,0.0,0.0
-2.21183536E8,-4.9419824E7,0.0,-2820.9946,12625.653,0.0,0.0,0.0,0.0
-2.21183536E8,-4.9419824E7,0.0,-2820.9946,12625.653,0.0,0.0,0.0,0.0
-2.21183536E8,-4.881712E7,0.0,-2789.0022,12636.579,0.0,0.0,0.0,0.0
-2.21183536E8,-4.881712E7,0.0,-2789.0022,12636.579,0.0,0.0,0.0,0.0
-2.2058088E8,-4.8817144E7,0.0,-2799.9082,12651.419,0.0,0.0,0.0,0.0
-2.2058088E8,-4.8214416E7,0.0,-2767.717,12662.302,0.0,0.0,0.0,0.0
-2.2058088E8,-4.8214416E7,0.0,-2767.717,12662.302,0.0,0.0,0.0,0.0
-2.19978176E8,-4.8214416E7,0.0,-2778.578,12677.257,0.0,0.0,0.0,0.0
-2.19978176E8,-4.8214416E7,0.0,-2778.578,12677.257,0.0,0.0,0.0,0.0
-2.19978176E8,-4.8214416E7,0.0,-2778.578,12677.257,0.0,0.0,0.0,0.0
-2.19978176E8,-4.8214416E7,0.0,-2778.578,12677.257,0.0,0.0,0.0,0.0
-2.19978176E8,-4.8214416E7,0.0,-2778.578,12677.257,0.0,0.0,0.0,0.0
-2.19978176E8,-4.8214416E7,0.0,-2778.578,12677.257,0.0,0.0,0.0,0.0
-2.19978176E8,-4.8214416E7,0.0,-2778.578,12677.257,0.0,0.0,0.0,0.0
-2.19978176E8,-4.8214416E7,0.0,-2778.578,12677.257,0.0,0.0,0.0,0.0
-2.19978176E8,-4.8214416E7,0.0,-2778.578,12677.257,0.0,0.0,0.0,0.0
-2.19978192E8,-4.7611776E7,0.0,-2746.1938,12688.095,0.0,0.0,0.0,0.0
-2.19375504E8,-4.7611776E7,0.0,-2757.0093,12703.167,0.0,0.0,0.0,0.0
-2.19375504E8,-4.7611776E7,0.0,-2757.0093,12703.167,0.0,0.0,0.0,0.0
-2.19375504E8,-4.7611776E7,0.0,-2757.0093,12703.167,0.0,0.0,0.0,0.0
-2.19375504E8,-4.7611776E7,0.0,-2757.0093,12703.167,0.0,0.0,0.0,0.0
-2.19375504E8,-4.7611776E7,0.0,-2757.0093,12703.167,0.0,0.0,0.0,0.0
-2.18772848E8,-4.7611744E7,0.0,-2767.8923,12718.284,0.0,0.0,0.0,0.0
-2.18772848E8,-4.7611744E7,0.0,-2767.8923,12718.284,0.0,0.0,0.0,0.0
-2.18772848E8,-4.7611744E7,0.0,-2767.8923,12718.284,0.0,0.0,0.0,0.0
-2.18170144E8,-4.761178E7,0.0,-2778.8506,12733.45,0.0,0.0,0.0,0.0
-2.1817016E8,-4.7009056E7,0.0,-2746.028,12744.382,0.0,0.0,0.0,0.0
-2.1817016E8,-4.7009056E7,0.0,-2746.028,12744.382,0.0,0.0,0.0,0.0
-2.1817016E8,-4.7009056E7,0.0,-2746.028,12744.382,0.0,0.0,0.0,0.0
-2.1817016E8,-4.7009056E7,0.0,-2746.028,12744.382,0.0,0.0,0.0,0.0
-2.1817016E8,-4.7009056E7,0.0,-2746.028,12744.382,0.0,0.0,0.0,0.0
-2.17567472E8,-4.6406404E7,0.0,-2723.9155,12770.552,0.0,0.0,0.0,0.0
-2.17567472E8,-4.6406404E7,0.0,-2723.9155,12770.552,0.0,0.0,0.0,0.0
-2.17567472E8,-4.6406404E7,0.0,-2723.9155,12770.552,0.0,0.0,0.0,0.0
-2.169648E8,-4.5803716E7,0.0,-2701.5469,12796.791,0.0,0.0,0.0,0.0
-2.169648E8,-4.5803716E7,0.0,-2701.5469,12796.791,0.0,0.0,0.0,0.0
-2.169648E8,-4.5803716E7,0.0,-2701.5469,12796.791,0.0,0.0,0.0,0.0
-2.169648E8,-4.5803716E7,0.0,-2701.5469,12796.791,0.0,0.0,0.0,0.0
-2.16362128E8,-4.5201064E7,0.0,-2678.9243,12823.1,0.0,0.0,0.0,0.0
-2.1575944E8,-4.4598364E7,0.0,-2656.04,12849.479,0.0,0.0,0.0,0.0
-2.1575944E8,-4.4598364E7,0.0,-2656.04,12849.479,0.0,0.0,0.0,0.0
-2.15156752E8,-4.4598376E7,0.0,-2666.7488,12865.244,0.0,0.0,0.0,0.0
-2.15156752E8,-4.4598376E7,0.0,-2666.7488,12865.244,0.0,0.0,0.0,0.0
-2.15156752E8,-4.3995696E7,0.0,-2632.8958,12875.926,0.0,0.0,0.0,0.0
-2.15156752E8,-4.3995696E7,0.0,-2632.8958,12875.926,0.0,0.0,0.0,0.0
-2.14554064E8,-4.3995684E7,0.0,-2643.5488,12891.813,0.0,0.0,0.0,0.0
-2.14554064E8,-4.3995684E7,0.0,-2643.5488,12891.813,0.0,0.0,0.0,0.0
-2.14554064E8,-4.3995684E7,0.0,-2643.5488,12891.813,0.0,0.0,0.0,0.0
-2.14554064E8,-4.3995684E7,0.0,-2643.5488,12891.813,0.0,0.0,0.0,0.0
-2.14554064E8,-4.3995684E7,0.0,-2643.5488,12891.813,0.0,0.0,0.0,0.0
-2.14554064E8,-4.3995684E7,0.0,-2643.5488,12891.813,0.0,0.0,0.0,0.0
-2.14554064E8,-4.3995684E7,0.0,-2643.5488,12891.813,0.0,0.0,0.0,0.0
-2.13951392E8,-4.39957E7,0.0,-2654.2742,12907.754,0.0,0.0,0.0,0.0
-2.13951392E8,-4.39957E7,0.0,-2654.2742,12907.754,0.0,0.0,0.0,0.0
-2.13951376E8,-4.3393008E7,0.0,-2620.0835,12918.451,0.0,0.0,0.0,0.0
-2.13951376E8,-4.3393008E7,0.0,-2620.0835,12918.451,0.0,0.0,0.0,0.0
-2.13348688E8,-4.339302E7,0.0,-2630.753,12934.517,0.0,0.0,0.0,0.0
-2.1334872E8,-4.2790336E7,0.0,-2596.3484,12945.156,0.0,0.0,0.0,0.0
-2.1334872E8,-4.2790336E7,0.0,-2596.3484,12945.156,0.0,0.0,0.0,0.0
-2.12746032E8,-4.27903E7,0.0,-2606.958,12961.348,0.0,0.0,0.0,0.0
-2.12746032E8,-4.27903E7,0.0,-2606.958,12961.348,0.0,0.0,0.0,0.0
-2.12746032E8,-4.27903E7,0.0,-2606.958,12961.348,0.0,0.0,0.0,0.0
-2.12746048E8,-4.2187628E7,0.0,-2572.3389,12971.929,0.0,0.0,0.0,0.0
-2.12746048E8,-4.2187628E7,0.0,-2572.3389,12971.929,0.0,0.0,0.0,0.0
-2.1214336E8,-4.2187612E7,0.0,-2582.8906,12988.246,0.0,0.0,0.0,0.0
-2.1214336E8,-4.2187612E7,0.0,-2582.8906,12988.246,0.0,0.0,0.0,0.0
-2.1214336E8,-4.2187612E7,0.0,-2582.8906,12988.246,0.0,0.0,0.0,0.0
-2.11540688E8,-4.158494E7,0.0,-2558.5469,13015.21,0.0,0.0,0.0,0.0
-2.11540688E8,-4.158494E7,0.0,-2558.5469,13015.21,0.0,0.0,0.0,0.0
-2.11540656E8,-4.0982264E7,0.0,-2523.4934,13025.671,0.0,0.0,0.0,0.0
-2.10937984E8,-4.0379616E7,0.0,-2498.6514,13052.638,0.0,0.0,0.0,0.0
-2.10335312E8,-4.0379612E7,0.0,-2509.0164,13069.336,0.0,0.0,0.0,0.0
-2.0973264E8,-4.0379596E7,0.0,-2519.4512,13086.093,0.0,0.0,0.0,0.0
-2.0973264E8,-4.0379596E7,0.0,-2519.4512,13086.093,0.0,0.0,0.0,0.0
-2.09129952E8,-4.0379612E7,0.0,-2529.9595,13102.908,0.0,0.0,0.0,0.0
-2.08527264E8,-3.9776936E7,0.0,-2504.6328,13130.328,0.0,0.0,0.0,0.0
-2.08527264E8,-3.9776936E7,0.0,-2504.6328,13130.328,0.0,0.0,0.0,0.0
-2.08527264E8,-3.9776936E7,0.0,-2504.6328,13130.328,0.0,0.0,0.0,0.0
-2.07924608E8,-3.9776916E7,0.0,-2515.1443,13147.333,0.0,0.0,0.0,0.0
-2.07924592E8,-3.9174256E7,0.0,-2479.0122,13157.813,0.0,0.0,0.0,0.0
-2.07924592E8,-3.9174256E7,0.0,-2479.0122,13157.813,0.0,0.0,0.0,0.0
-2.07924592E8,-3.9174256E7,0.0,-2479.0122,13157.813,0.0,0.0,0.0,0.0
-2.07924592E8,-3.9174256E7,0.0,-2479.0122,13157.813,0.0,0.0,0.0,0.0
-2.07924592E8,-3.9174256E7,0.0,-2479.0122,13157.813,0.0,0.0,0.0,0.0
-2.0732192E8,-3.9174248E7,0.0,-2489.4563,13174.952,0.0,0.0,0.0,0.0
-2.0732192E8,-3.9174248E7,0.0,-2489.4563,13174.952,0.0,0.0,0.0,0.0
-2.0732192E8,-3.9174248E7,0.0,-2489.4563,13174.952,0.0,0.0,0.0,0.0
-2.07321904E8,-3.8571544E7,0.0,-2453.0928,13185.362,0.0,0.0,0.0,0.0
-2.07321904E8,-3.8571544E7,0.0,-2453.0928,13185.362,0.0,0.0,0.0,0.0
-2.06719248E8,-3.8571568E7,0.0,-2463.468,13202.634,0.0,0.0,0.0,0.0
-2.06719248E8,-3.8571568E7,0.0,-2463.468,13202.634,0.0,0.0,0.0,0.0
-2.06719248E8,-3.8571568E7,0.0,-2463.468,13202.634,0.0,0.0,0.0,0.0
-2.06719248E8,-3.8571568E7,0.0,-2463.468,13202.634,0.0,0.0,0.0,0.0
-2.06719248E8,-3.8571568E7,0.0,-2463.468,13202.634,0.0,0.0,0.0,0.0
-2.06719248E8,-3.7968888E7,0.0,-2426.8755,13212.973,0.0,0.0,0.0,0.0
-2.06719248E8,-3.7968888E7,0.0,-2426.8755,13212.973,0.0,0.0,0.0,0.0
-2.06719248E8,-3.7968888E7,0.0,-2426.8755,13212.973,0.0,0.0,0.0,0.0
-2.06719248E8,-3.7968888E7,0.0,-2426.8755,13212.973,0.0,0.0,0.0,0.0
-2.06719248E8,-3.7968888E7,0.0,-2426.8755,13212.973,0.0,0.0,0.0,0.0
-2.06719248E8,-3.7968888E7,0.0,-2426.8755,13212.973,0.0,0.0,0.0,0.0
-2.06719248E8,-3.7968888E7,0.0,-2426.8755,13212.973,0.0,0.0,0.0,0.0
-2.06719248E8,-3.7968888E7,0.0,-2426.8755,13212.973,0.0,0.0,0.0,0.0
-2.06719248E8,-3.7968888E7,0.0,-2426.8755,13212.973,0.0,0.0,0.0,0.0
-2.06719248E8,-3.7968888E7,0.0,-2426.8755,13212.973,0.0,0.0,0.0,0.0
-2.06719248E8,-3.7968888E7,0.0,-2426.8755,13212.973,0.0,0.0,0.0,0.0
-2.06719248E8,-3.7968888E7,0.0,-2426.8755,13212.973,0.0,0.0,0.0,0.0
-2.06719248E8,-3.7968888E7,0.0,-2426.8755,13212.973,0.0,0.0,0.0,0.0
-2.0611656E8,-3.73662E7,0.0,-2400.3535,13240.6455,0.0,0.0,0.0,0.0
-2.0611656E8,-3.73662E7,0.0,-2400.3535,13240.6455,0.0,0.0,0.0,0.0
-2.0611656E8,-3.73662E7,0.0,-2400.3535,13240.6455,0.0,0.0,0.0,0.0
-2.0611656E8,-3.73662E7,0.0,-2400.3535,13240.6455,0.0,0.0,0.0,0.0
-2.0611656E8,-3.73662E7,0.0,-2400.3535,13240.6455,0.0,0.0,0.0,0.0
-2.0611656E8,-3.73662E7,0.0,-2400.3535,13240.6455,0.0,0.0,0.0,0.0
-2.0611656E8,-3.73662E7,0.0,-2400.3535,13240.6455,0.0,0.0,0.0,0.0
-2.0611656E8,-3.73662E7,0.0,-2400.3535,13240.6455,0.0,0.0,0.0,0.0
-2.0611656E8,-3.73662E7,0.0,-2400.3535,13240.6455,0.0,0.0,0.0,0.0
-2.0611656E8,-3.73662E7,0.0,-2400.3535,13240.6455,0.0,0.0,0.0,0.0
-2.0611656E8,-3.73662E7,0.0,-2400.3535,13240.6455,0.0,0.0,0.0,0.0
-2.0611656E8,-3.73662E7,0.0,-2400.3535,13240.6455,0.0,0.0,0.0,0.0
-2.0611656E8,-3.73662E7,0.0,-2400.3535,13240.6455,0.0,0.0,0.0,0.0
-2.0611656E8,-3.73662E7,0.0,-2400.3535,13240.6455,0.0,0.0,0.0,0.0
-2.0611656E8,-3.73662E7,0.0,-2400.3535,13240.6455,0.0,0.0,0.0,0.0
-2.0611656E8,-3.73662E7,0.0,-2400.3535,13240.6455,0.0,0.0,0.0,0.0
-2.0611656E8,-3.73662E7,0.0,-2400.3535,13240.6455,0.0,0.0,0.0,0.0
-2.0611656E8,-3.73662E7,0.0,-2400.3535,13240.6455,0.0,0.0,0.0,0.0
-2.06116544E8,-3.6763512E7,0.0,-2363.4426,13250.765,0.0,0.0,0.0,0.0
-2.06116544E8,-3.6763512E7,0.0,-2363.4426,13250.765,0.0,0.0,0.0,0.0
-2.05513888E8,-3.6763512E7,0.0,-2373.5242,13268.378,0.0,0.0,0.0,0.0
-2.05513872E8,-3.6160812E7,0.0,-2336.38,13278.422,0.0,0.0,0.0,0.0
-2.05513872E8,-3.6160812E7,0.0,-2336.38,13278.422,0.0,0.0,0.0,0.0
-2.05513872E8,-3.6160812E7,0.0,-2336.38,13278.422,0.0,0.0,0.0,0.0
-2.05513872E8,-3.5558164E7,0.0,-2299.154,13288.314,0.0,0.0,0.0,0.0
-2.05513872E8,-3.5558164E7,0.0,-2299.154,13288.314,0.0,0.0,0.0,0.0
-2.05513872E8,-3.5558164E7,0.0,-2299.154,13288.314,0.0,0.0,0.0,0.0
-2.05513872E8,-3.5558164E7,0.0,-2299.154,13288.314,0.0,0.0,0.0,0.0
-2.05513872E8,-3.5558164E7,0.0,-2299.154,13288.314,0.0,0.0,0.0,0.0
-2.05513872E8,-3.5558164E7,0.0,-2299.154,13288.314,0.0,0.0,0.0,0.0
-2.04911184E8,-3.5558152E7,0.0,-2309.0078,13306.134,0.0,0.0,0.0,0.0
-2.04911184E8,-3.5558152E7,0.0,-2309.0078,13306.134,0.0,0.0,0.0,0.0
-2.04911184E8,-3.5558152E7,0.0,-2309.0078,13306.134,0.0,0.0,0.0,0.0
-2.04911184E8,-3.5558152E7,0.0,-2309.0078,13306.134,0.0,0.0,0.0,0.0
-2.04911216E8,-3.49555E7,0.0,-2271.5476,13315.947,0.0,0.0,0.0,0.0
-2.04911216E8,-3.49555E7,0.0,-2271.5476,13315.947,0.0,0.0,0.0,0.0
-2.04911216E8,-3.49555E7,0.0,-2271.5476,13315.947,0.0,0.0,0.0,0.0
-2.04911216E8,-3.435278E7,0.0,-2234.0002,13325.609,0.0,0.0,0.0,0.0
-2.04308512E8,-3.4352804E7,0.0,-2243.6228,13343.633,0.0,0.0,0.0,0.0
-2.04308512E8,-3.4352804E7,0.0,-2243.6228,13343.633,0.0,0.0,0.0,0.0
-2.04308512E8,-3.4352804E7,0.0,-2243.6228,13343.633,0.0,0.0,0.0,0.0
-2.04308512E8,-3.4352804E7,0.0,-2243.6228,13343.633,0.0,0.0,0.0,0.0
-2.04308512E8,-3.4352804E7,0.0,-2243.6228,13343.633,0.0,0.0,0.0,0.0
-2.04308512E8,-3.4352804E7,0.0,-2243.6228,13343.633,0.0,0.0,0.0,0.0
-2.04308512E8,-3.4352804E7,0.0,-2243.6228,13343.633,0.0,0.0,0.0,0.0
-2.04308512E8,-3.4352804E7,0.0,-2243.6228,13343.633,0.0,0.0,0.0,0.0
-2.03705824E8,-3.4352808E7,0.0,-2253.312,13361.725,0.0,0.0,0.0,0.0
-2.03705824E8,-3.375012E7,0.0,-2215.378,13371.371,0.0,0.0,0.0,0.0
-2.03705824E8,-3.375012E7,0.0,-2215.378,13371.371,0.0,0.0,0.0,0.0
-2.03705824E8,-3.375012E7,0.0,-2215.378,13371.371,0.0,0.0,0.0,0.0
-2.03705824E8,-3.375012E7,0.0,-2215.378,13371.371,0.0,0.0,0.0,0.0
-2.03705824E8,-3.375012E7,0.0,-2215.378,13371.371,0.0,0.0,0.0,0.0
-2.03103136E8,-3.3750128E7,0.0,-2224.9817,13389.602,0.0,0.0,0.0,0.0
-2.03103136E8,-3.3750128E7,0.0,-2224.9817,13389.602,0.0,0.0,0.0,0.0
-2.03103136E8,-3.3750128E7,0.0,-2224.9817,13389.602,0.0,0.0,0.0,0.0
-2.0250048E8,-3.3750112E7,0.0,-2234.652,13407.9,0.0,0.0,0.0,0.0
-2.0250048E8,-3.3750112E7,0.0,-2234.652,13407.9,0.0,0.0,0.0,0.0
-2.0250048E8,-3.3750112E7,0.0,-2234.652,13407.9,0.0,0.0,0.0,0.0
-2.0250048E8,-3.3750112E7,0.0,-2234.652,13407.9,0.0,0.0,0.0,0.0
-2.0250048E8,-3.3750112E7,0.0,-2234.652,13407.9,0.0,0.0,0.0,0.0
-2.0250048E8,-3.3750112E7,0.0,-2234.652,13407.9,0.0,0.0,0.0,0.0
-2.01897792E8,-3.3750104E7,0.0,-2244.393,13426.2705,0.0,0.0,0.0,0.0
-2.01897792E8,-3.3750104E7,0.0,-2244.393,13426.2705,0.0,0.0,0.0,0.0
-2.01897792E8,-3.3147414E7,0.0,-2205.9062,13435.968,0.0,0.0,0.0,0.0
-2.01897792E8,-3.3147414E7,0.0,-2205.9062,13435.968,0.0,0.0,0.0,0.0
-2.01295104E8,-3.314744E7,0.0,-2215.5603,13454.477,0.0,0.0,0.0,0.0
-2.01295104E8,-3.2544764E7,0.0,-2176.8313,13464.086,0.0,0.0,0.0,0.0
-2.01295104E8,-3.2544764E7,0.0,-2176.8313,13464.086,0.0,0.0,0.0,0.0
-2.00692448E8,-3.2544748E7,0.0,-2186.3914,13482.736,0.0,0.0,0.0,0.0
-2.00692432E8,-3.1942094E7,0.0,-2147.4192,13492.251,0.0,0.0,0.0,0.0
-2.00692432E8,-3.1942094E7,0.0,-2147.4192,13492.251,0.0,0.0,0.0,0.0
-2.00089744E8,-3.133938E7,0.0,-2117.665,13520.467,0.0,0.0,0.0,0.0
-1.98884384E8,-3.1339402E7,0.0,-2136.4807,13558.416,0.0,0.0,0.0,0.0
-1.97679024E8,-3.0134016E7,0.0,-2075.544,13615.562,0.0,0.0,0.0,0.0
-1.9647368E8,-2.9531342E7,0.0,-2053.752,13663.728,0.0,0.0,0.0,0.0
-1.95870992E8,-2.8325992E7,0.0,-1981.4648,13701.604,0.0,0.0,0.0,0.0
-1.93460272E8,-2.7120634E7,0.0,-1934.5114,13799.495,0.0,0.0,0.0,0.0
-1.92254928E8,-2.5915258E7,0.0,-1867.9806,13857.8,0.0,0.0,0.0,0.0
-1.91049568E8,-2.531261E7,0.0,-1842.6713,13907.754,0.0,0.0,0.0,0.0
-1.88638832E8,-2.3504568E7,0.0,-1746.5691,14017.308,0.0,0.0,0.0,0.0
-1.87433472E8,-2.2299208E7,0.0,-1674.7074,14076.564,0.0,0.0,0.0,0.0
-1.85022752E8,-2.049116E7,0.0,-1571.2897,14187.794,0.0,0.0,0.0,0.0
-1.85022752E8,-2.049116E7,0.0,-1571.2897,14187.794,0.0,0.0,0.0,0.0
-1.8321472E8,-1.8683128E7,0.0,-1455.9207,14277.378,0.0,0.0,0.0,0.0
-1.81406672E8,-1.7477736E7,0.0,-1383.5472,14360.252,0.0,0.0,0.0,0.0
-1.81406672E8,-1.7477736E7,0.0,-1383.5472,14360.252,0.0,0.0,0.0,0.0
-1.80201296E8,-1.6875076E7,0.0,-1349.7804,14413.694,0.0,0.0,0.0,0.0
-1.80201296E8,-1.6875076E7,0.0,-1349.7804,14413.694,0.0,0.0,0.0,0.0
-1.79598624E8,-1.6272372E7,0.0,-1308.6744,14443.876,0.0,0.0,0.0,0.0
-1.78995968E8,-1.6272371E7,0.0,-1315.235,14467.574,0.0,0.0,0.0,0.0
-1.78995968E8,-1.6272371E7,0.0,-1315.235,14467.574,0.0,0.0,0.0,0.0
-1.78393296E8,-1.6272388E7,0.0,-1321.852,14491.391,0.0,0.0,0.0,0.0
-1.78393296E8,-1.6272388E7,0.0,-1321.852,14491.391,0.0,0.0,0.0,0.0
-1.78393296E8,-1.6272388E7,0.0,-1321.852,14491.391,0.0,0.0,0.0,0.0
-1.78393296E8,-1.6272388E7,0.0,-1321.852,14491.391,0.0,0.0,0.0,0.0
-1.78393296E8,-1.6272388E7,0.0,-1321.852,14491.391,0.0,0.0,0.0,0.0
-1.78393296E8,-1.6272388E7,0.0,-1321.852,14491.391,0.0,0.0,0.0,0.0
-1.78393296E8,-1.6272388E7,0.0,-1321.852,14491.391,0.0,0.0,0.0,0.0
-1.78393296E8,-1.6272388E7,0.0,-1321.852,14491.391,0.0,0.0,0.0,0.0
-1.7839328E8,-1.5669719E7,0.0,-1273.4686,14497.915,0.0,0.0,0.0,0.0
-1.7839328E8,-1.5669719E7,0.0,-1273.4686,14497.915,0.0,0.0,0.0,0.0
-1.7839328E8,-1.5669719E7,0.0,-1273.4686,14497.915,0.0,0.0,0.0,0.0
-1.7839328E8,-1.5669719E7,0.0,-1273.4686,14497.915,0.0,0.0,0.0,0.0
-1.7839328E8,-1.5669719E7,0.0,-1273.4686,14497.915,0.0,0.0,0.0,0.0
-1.7839328E8,-1.5669719E7,0.0,-1273.4686,14497.915,0.0,0.0,0.0,0.0
-1.7839328E8,-1.5669719E7,0.0,-1273.4686,14497.915,0.0,0.0,0.0,0.0
-1.7839328E8,-1.5669719E7,0.0,-1273.4686,14497.915,0.0,0.0,0.0,0.0
-1.7839328E8,-1.5669719E7,0.0,-1273.4686,14497.915,0.0,0.0,0.0,0.0
-1.7839328E8,-1.5669719E7,0.0,-1273.4686,14497.915,0.0,0.0,0.0,0.0
-1.78393264E8,-1.506702E7,0.0,-1225.0184,14504.198,0.0,0.0,0.0,0.0
-1.78393264E8,-1.506702E7,0.0,-1225.0184,14504.198,0.0,0.0,0.0,0.0
-1.78393264E8,-1.506702E7,0.0,-1225.0184,14504.198,0.0,0.0,0.0,0.0
-1.78393264E8,-1.506702E7,0.0,-1225.0184,14504.198,0.0,0.0,0.0,0.0
-1.78393264E8,-1.506702E7,0.0,-1225.0184,14504.198,0.0,0.0,0.0,0.0
-1.78393264E8,-1.506702E7,0.0,-1225.0184,14504.198,0.0,0.0,0.0,0.0
-1.78393264E8,-1.506702E7,0.0,-1225.0184,14504.198,0.0,0.0,0.0,0.0
-1.78393264E8,-1.4464362E7,0.0,-1176.5095,14510.242,0.0,0.0,0.0,0.0
-1.78393264E8,-1.4464362E7,0.0,-1176.5095,14510.242,0.0,0.0,0.0,0.0
-1.78393264E8,-1.4464362E7,0.0,-1176.5095,14510.242,0.0,0.0,0.0,0.0
-1.78393264E8,-1.4464362E7,0.0,-1176.5095,14510.242,0.0,0.0,0.0,0.0
-1.78393264E8,-1.4464362E7,0.0,-1176.5095,14510.242,0.0,0.0,0.0,0.0
-1.77790592E8,-1.4464351E7,0.0,-1182.4565,14534.33,0.0,0.0,0.0,0.0
-1.77790608E8,-1.3861684E7,0.0,-1133.6449,14540.182,0.0,0.0,0.0,0.0
-1.77790608E8,-1.3861684E7,0.0,-1133.6449,14540.182,0.0,0.0,0.0,0.0
-1.77790592E8,-1.3258992E7,0.0,-1084.7733,14545.789,0.0,0.0,0.0,0.0
-1.77790592E8,-1.3258992E7,0.0,-1084.7733,14545.789,0.0,0.0,0.0,0.0
-1.77790592E8,-1.3258992E7,0.0,-1084.7733,14545.789,0.0,0.0,0.0,0.0
-1.77790592E8,-1.3258992E7,0.0,-1084.7733,14545.789,0.0,0.0,0.0,0.0
-1.77187936E8,-1.3258992E7,0.0,-1090.2817,14570.094,0.0,0.0,0.0,0.0
-1.77187936E8,-1.3258992E7,0.0,-1090.2817,14570.094,0.0,0.0,0.0,0.0
-1.77187936E8,-1.3258992E7,0.0,-1090.2817,14570.094,0.0,0.0,0.0,0.0
-1.76585232E8,-1.2656317E7,0.0,-1046.4177,14599.975,0.0,0.0,0.0,0.0
-1.76585232E8,-1.2656317E7,0.0,-1046.4177,14599.975,0.0,0.0,0.0,0.0
-1.76585232E8,-1.2656317E7,0.0,-1046.4177,14599.975,0.0,0.0,0.0,0.0
-1.76585232E8,-1.2656317E7,0.0,-1046.4177,14599.975,0.0,0.0,0.0,0.0
-1.76585232E8,-1.2053649E7,0.0,-996.94476,14605.18,0.0,0.0,0.0,0.0
-1.7598256E8,-1.1450941E7,0.0,-952.2672,14634.816,0.0,0.0,0.0,0.0
-1.7598256E8,-1.1450941E7,0.0,-952.2672,14634.816,0.0,0.0,0.0,0.0
-1.7598256E8,-1.1450941E7,0.0,-952.2672,14634.816,0.0,0.0,0.0,0.0
-1.75379904E8,-1.1450947E7,0.0,-957.1595,14659.62,0.0,0.0,0.0,0.0
-1.75379904E8,-1.0848283E7,0.0,-907.08014,14664.405,0.0,0.0,0.0,0.0
-1.75379904E8,-1.0848283E7,0.0,-907.08014,14664.405,0.0,0.0,0.0,0.0
-1.75379904E8,-1.0848283E7,0.0,-907.08014,14664.405,0.0,0.0,0.0,0.0
-1.74777184E8,-1.0848273E7,0.0,-911.7573,14689.377,0.0,0.0,0.0,0.0
-1.74777184E8,-1.0848273E7,0.0,-911.7573,14689.377,0.0,0.0,0.0,0.0
-1.74777216E8,-1.0245579E7,0.0,-861.3707,14693.945,0.0,0.0,0.0,0.0
-1.74777216E8,-1.0245579E7,0.0,-861.3707,14693.945,0.0,0.0,0.0,0.0
-1.74777216E8,-1.0245579E7,0.0,-861.3707,14693.945,0.0,0.0,0.0,0.0
-1.74777216E8,-1.0245579E7,0.0,-861.3707,14693.945,0.0,0.0,0.0,0.0
-1.74777216E8,-1.0245579E7,0.0,-861.3707,14693.945,0.0,0.0,0.0,0.0
-1.74777216E8,-1.0245579E7,0.0,-861.3707,14693.945,0.0,0.0,0.0,0.0
-1.747772E8,-9642916.0,0.0,-810.9414,14698.258,0.0,0.0,0.0,0.0
-1.747772E8,-9642916.0,0.0,-810.9414,14698.258,0.0,0.0,0.0,0.0
-1.747772E8,-9642916.0,0.0,-810.9414,14698.258,0.0,0.0,0.0,0.0
-1.74174528E8,-9642904.0,0.0,-815.1402,14723.433,0.0,0.0,0.0,0.0
-1.74174528E8,-9642904.0,0.0,-815.1402,14723.433,0.0,0.0,0.0,0.0
-1.74174528E8,-9642904.0,0.0,-815.1402,14723.433,0.0,0.0,0.0,0.0
-1.74174528E8,-9642904.0,0.0,-815.1402,14723.433,0.0,0.0,0.0,0.0
-1.74174528E8,-9642904.0,0.0,-815.1402,14723.433,0.0,0.0,0.0,0.0
-1.74174528E8,-9040246.0,0.0,-764.40796,14727.52,0.0,0.0,0.0,0.0
-1.7357184E8,-9040210.0,0.0,-768.37897,14752.86,0.0,0.0,0.0,0.0
-1.7357184E8,-9040210.0,0.0,-768.37897,14752.86,0.0,0.0,0.0,0.0
-1.7357184E8,-9040210.0,0.0,-768.37897,14752.86,0.0,0.0,0.0,0.0
-1.7357184E8,-9040210.0,0.0,-768.37897,14752.86,0.0,0.0,0.0,0.0
-1.72969168E8,-9040247.0,0.0,-772.39056,14778.329,0.0,0.0,0.0,0.0
-1.72969168E8,-9040247.0,0.0,-772.39056,14778.329,0.0,0.0,0.0,0.0
-1.72969168E8,-9040247.0,0.0,-772.39056,14778.329,0.0,0.0,0.0,0.0
-1.72969168E8,-9040247.0,0.0,-772.39056,14778.329,0.0,0.0,0.0,0.0
-1.72969168E8,-9040247.0,0.0,-772.39056,14778.329,0.0,0.0,0.0,0.0
-1.72969136E8,-8437570.0,0.0,-721.0884,14782.224,0.0,0.0,0.0,0.0
-1.72969136E8,-8437570.0,0.0,-721.0884,14782.224,0.0,0.0,0.0,0.0
-1.72969136E8,-8437570.0,0.0,-721.0884,14782.224,0.0,0.0,0.0,0.0
-1.72969136E8,-8437570.0,0.0,-721.0884,14782.224,0.0,0.0,0.0,0.0
-1.72969136E8,-8437570.0,0.0,-721.0884,14782.224,0.0,0.0,0.0,0.0
-1.72969136E8,-8437570.0,0.0,-721.0884,14782.224,0.0,0.0,0.0,0.0
-1.72366464E8,-8437541.0,0.0,-724.8622,14807.859,0.0,0.0,0.0,0.0
-1.7236648E8,-7834853.0,0.0,-673.25195,14811.518,0.0,0.0,0.0,0.0
-1.7236648E8,-7834853.0,0.0,-673.25195,14811.518,0.0,0.0,0.0,0.0
-1.7236648E8,-7834853.0,0.0,-673.25195,14811.518,0.0,0.0,0.0,0.0
-1.7236648E8,-7834853.0,0.0,-673.25195,14811.518,0.0,0.0,0.0,0.0
-1.7236648E8,-7834853.0,0.0,-673.25195,14811.518,0.0,0.0,0.0,0.0
-1.7236648E8,-7834853.0,0.0,-673.25195,14811.518,0.0,0.0,0.0,0.0
-1.7236648E8,-7834853.0,0.0,-673.25195,14811.518,0.0,0.0,0.0,0.0
-1.7236648E8,-7834853.0,0.0,-673.25195,14811.518,0.0,0.0,0.0,0.0
-1.7236648E8,-7834853.0,0.0,-673.25195,14811.518,0.0,0.0,0.0,0.0
-1.7236648E8,-7834853.0,0.0,-673.25195,14811.518,0.0,0.0,0.0,0.0
-1.71763776E8,-7834871.0,0.0,-676.79266,14837.318,0.0,0.0,0.0,0.0
-1.71763776E8,-7834871.0,0.0,-676.79266,14837.318,0.0,0.0,0.0,0.0
-1.71763776E8,-7834871.0,0.0,-676.79266,14837.318,0.0,0.0,0.0,0.0
-1.71763776E8,-7834871.0,0.0,-676.79266,14837.318,0.0,0.0,0.0,0.0
-1.71763776E8,-7834871.0,0.0,-676.79266,14837.318,0.0,0.0,0.0,0.0
-1.71763776E8,-7834871.0,0.0,-676.79266,14837.318,0.0,0.0,0.0,0.0
-1.71763776E8,-7834871.0,0.0,-676.79266,14837.318,0.0,0.0,0.0,0.0
-1.71763776E8,-7834871.0,0.0,-676.79266,14837.318,0.0,0.0,0.0,0.0
-1.71763792E8,-7232174.0,0.0,-624.8743,14840.736,0.0,0.0,0.0,0.0
-1.71763792E8,-7232174.0,0.0,-624.8743,14840.736,0.0,0.0,0.0,0.0
-1.71763792E8,-7232174.0,0.0,-624.8743,14840.736,0.0,0.0,0.0,0.0
-1.71763792E8,-7232174.0,0.0,-624.8743,14840.736,0.0,0.0,0.0,0.0
-1.71763792E8,-7232174.0,0.0,-624.8743,14840.736,0.0,0.0,0.0,0.0
-1.71763792E8,-7232174.0,0.0,-624.8743,14840.736,0.0,0.0,0.0,0.0
-1.71763792E8,-7232174.0,0.0,-624.8743,14840.736,0.0,0.0,0.0,0.0
-1.71763792E8,-7232174.0,0.0,-624.8743,14840.736,0.0,0.0,0.0,0.0
-1.71763792E8,-7232174.0,0.0,-624.8743,14840.736,0.0,0.0,0.0,0.0
-1.71763792E8,-7232174.0,0.0,-624.8743,14840.736,0.0,0.0,0.0,0.0
-1.71763792E8,-7232174.0,0.0,-624.8743,14840.736,0.0,0.0,0.0,0.0
-1.71763792E8,-6629490.5,0.0,-572.9228,14843.884,0.0,0.0,0.0,0.0
-1.71161104E8,-6629524.5,0.0,-575.9498,14869.877,0.0,0.0,0.0,0.0
-1.71161104E8,-6629524.5,0.0,-575.9498,14869.877,0.0,0.0,0.0,0.0
-1.71161104E8,-6629524.5,0.0,-575.9498,14869.877,0.0,0.0,0.0,0.0
-1.70558448E8,-6629517.0,0.0,-579.0,14896.008,0.0,0.0,0.0,0.0
-1.70558448E8,-6629517.0,0.0,-579.0,14896.008,0.0,0.0,0.0,0.0
-1.70558448E8,-6026816.0,0.0,-526.4654,14898.934,0.0,0.0,0.0,0.0
-1.70558448E8,-6026816.0,0.0,-526.4654,14898.934,0.0,0.0,0.0,0.0
-1.6995576E8,-6026819.5,0.0,-529.265,14925.226,0.0,0.0,0.0,0.0
-1.6995576E8,-6026819.5,0.0,-529.265,14925.226,0.0,0.0,0.0,0.0
-1.69353072E8,-5424165.5,0.0,-478.96918,14954.355,0.0,0.0,0.0,0.0
-1.687504E8,-5424154.0,0.0,-481.5337,14980.954,0.0,0.0,0.0,0.0
-1.67545056E8,-5424158.5,0.0,-486.7343,15034.576,0.0,0.0,0.0,0.0
-1.67545056E8,-5424158.5,0.0,-486.7343,15034.576,0.0,0.0,0.0,0.0
-1.66942368E8,-4821476.0,0.0,-435.06763,15064.105,0.0,0.0,0.0,0.0
-1.6633968E8,-4218795.5,0.0,-382.81015,15093.531,0.0,0.0,0.0,0.0
-1.6513432E8,-3616118.2,0.0,-331.76355,15150.376,0.0,0.0,0.0,0.0
-1.6513432E8,-3616118.2,0.0,-331.76355,15150.376,0.0,0.0,0.0,0.0
-1.64531648E8,-3013447.0,0.0,-278.0215,15179.737,0.0,0.0,0.0,0.0
-1.64531648E8,-3013447.0,0.0,-278.0215,15179.737,0.0,0.0,0.0,0.0
-1.64531648E8,-3013447.0,0.0,-278.0215,15179.737,0.0,0.0,0.0,0.0
-1.64531648E8,-3013447.0,0.0,-278.0215,15179.737,0.0,0.0,0.0,0.0
-1.63928976E8,-3013434.2,0.0,-279.55438,15207.587,0.0,0.0,0.0,0.0
-1.6392896E8,-2410754.2,0.0,-223.66455,15208.975,0.0,0.0,0.0,0.0
-1.6392896E8,-2410754.2,0.0,-223.66455,15208.975,0.0,0.0,0.0,0.0
-1.6392896E8,-2410754.2,0.0,-223.66455,15208.975,0.0,0.0,0.0,0.0
-1.6392896E8,-1808061.0,0.0,-167.7599,15210.055,0.0,0.0,0.0,0.0
-1.63326272E8,-1808073.2,0.0,-168.69034,15238.081,0.0,0.0,0.0,0.0
-1.63326272E8,-1808073.2,0.0,-168.69034,15238.081,0.0,0.0,0.0,0.0
-1.63326272E8,-1808073.2,0.0,-168.69034,15238.081,0.0,0.0,0.0,0.0
-1.627236E8,-1808075.1,0.0,-169.62843,15266.263,0.0,0.0,0.0,0.0
-1.627236E8,-1808075.1,0.0,-169.62843,15266.263,0.0,0.0,0.0,0.0
-1.627236E8,-1808075.1,0.0,-169.62843,15266.263,0.0,0.0,0.0,0.0
-1.627236E8,-1808075.1,0.0,-169.62843,15266.263,0.0,0.0,0.0,0.0
-1.627236E8,-1808075.1,0.0,-169.62843,15266.263,0.0,0.0,0.0,0.0
-1.62120912E8,-1808066.2,0.0,-170.57426,15294.603,0.0,0.0,0.0,0.0
-1.62120912E8,-1808066.2,0.0,-170.57426,15294.603,0.0,0.0,0.0,0.0
-1.62120912E8,-1808066.2,0.0,-170.57426,15294.603,0.0,0.0,0.0,0.0
-1.62120928E8,-1205380.4,0.0,-113.72232,15295.395,0.0,0.0,0.0,0.0
-1.6151824E8,-602720.44,0.0,-57.18436,15324.38,0.0,0.0,0.0,0.0
-1.6151824E8,-602720.44,0.0,-57.18436,15324.38,0.0,0.0,0.0,0.0
-1.6151824E8,-602720.44,0.0,-57.18436,15324.38,0.0,0.0,0.0,0.0
-1.6151824E8,-602720.44,0.0,-57.18436,15324.38,0.0,0.0,0.0,0.0
-1.60915552E8,-602696.75,0.0,-57.503654,15353.049,0.0,0.0,0.0,0.0
-1.60915552E8,-602696.75,0.0,-57.503654,15353.049,0.0,0.0,0.0,0.0
-1.60915552E8,-602696.75,0.0,-57.503654,15353.049,0.0,0.0,0.0,0.0
-1.60915552E8,-602696.75,0.0,-57.503654,15353.049,0.0,0.0,0.0,0.0
-1.60915552E8,-602696.75,0.0,-57.503654,15353.049,0.0,0.0,0.0,0.0
-1.60915568E8,24.297575,0.0,0.0023182703,15353.21,0.0,0.0,0.0,0.0
-1.60915568E8,24.297575,0.0,0.0023182703,15353.21,0.0,0.0,0.0,0.0
-1.60915552E8,602668.6,0.0,57.500973,15353.049,0.0,0.0,0.0,0.0
-1.60915552E8,602668.6,0.0,57.500973,15353.049,0.0,0.0,0.0,0.0
-1.60915552E8,602668.6,0.0,57.500973,15353.049,0.0,0.0,0.0,0.0
-1.60915552E8,1205329.8,0.0,114.99761,15352.565,0.0,0.0,0.0,0.0
-1.60915552E8,1205329.8,0.0,114.99761,15352.565,0.0,0.0,0.0,0.0
-1.6031288E8,1205402.2,0.0,115.65361,15381.391,0.0,0.0,0.0,0.0
-1.6031288E8,1205402.2,0.0,115.65361,15381.391,0.0,0.0,0.0,0.0
-1.6031288E8,1205402.2,0.0,115.65361,15381.391,0.0,0.0,0.0,0.0
-1.6031288E8,1205402.2,0.0,115.65361,15381.391,0.0,0.0,0.0,0.0
-1.6031288E8,1205402.2,0.0,115.65361,15381.391,0.0,0.0,0.0,0.0
-1.6031288E8,1205402.2,0.0,115.65361,15381.391,0.0,0.0,0.0,0.0
-1.6031288E8,1205402.2,0.0,115.65361,15381.391,0.0,0.0,0.0,0.0
-1.6031288E8,1808133.9,0.0,173.47415,15380.575,0.0,0.0,0.0,0.0
-1.6031288E8,1808133.9,0.0,173.47415,15380.575,0.0,0.0,0.0,0.0
-1.59710208E8,2410689.2,0.0,232.57674,15408.405,0.0,0.0,0.0,0.0
-1.59710208E8,2410689.2,0.0,232.57674,15408.405,0.0,0.0,0.0,0.0
-1.59710208E8,2410689.2,0.0,232.57674,15408.405,0.0,0.0,0.0,0.0
-1.59710208E8,2410689.2,0.0,232.57674,15408.405,0.0,0.0,0.0,0.0
-1.5910752E8,3013420.8,0.0,292.35138,15436.046,0.0,0.0,0.0,0.0
-1.5910752E8,3013420.8,0.0,292.35138,15436.046,0.0,0.0,0.0,0.0
-1.5910752E8,3013420.8,0.0,292.35138,15436.046,0.0,0.0,0.0,0.0
-1.5910752E8,3616078.0,0.0,350.77753,15434.22,0.0,0.0,0.0,0.0
-1.5910752E8,3616078.0,0.0,350.77753,15434.22,0.0,0.0,0.0,0.0
-1.5910752E8,3616078.0,0.0,350.77753,15434.22,0.0,0.0,0.0,0.0
-1.5910752E8,3616078.0,0.0,350.77753,15434.22,0.0,0.0,0.0,0.0
-1.5910752E8,3616078.0,0.0,350.77753,15434.22,0.0,0.0,0.0,0.0
-1.58504816E8,3616143.2,0.0,352.78546,15463.49,0.0,0.0,0.0,0.0
-1.58504848E8,4218741.5,0.0,411.51596,15461.31,0.0,0.0,0.0,0.0
-1.58504848E8,4218741.5,0.0,411.51596,15461.31,0.0,0.0,0.0,0.0
-1.58504848E8,4218741.5,0.0,411.51596,15461.31,0.0,0.0,0.0,0.0
-1.58504848E8,4218741.5,0.0,411.51596,15461.31,0.0,0.0,0.0,0.0
-1.58504848E8,4218741.5,0.0,411.51596,15461.31,0.0,0.0,0.0,0.0
-1.58504848E8,4821461.5,0.0,470.23166,15458.798,0.0,0.0,0.0,0.0
-1.57902144E8,4821517.5,0.0,472.92944,15488.189,0.0,0.0,0.0,0.0
-1.5790216E8,5424199.5,0.0,531.9461,15485.315,0.0,0.0,0.0,0.0
-1.5790216E8,5424199.5,0.0,531.9461,15485.315,0.0,0.0,0.0,0.0
-1.5790216E8,5424199.5,0.0,531.9461,15485.315,0.0,0.0,0.0,0.0
-1.57299456E8,6026870.5,0.0,594.3215,15511.606,0.0,0.0,0.0,0.0
-1.57299456E8,6026870.5,0.0,594.3215,15511.606,0.0,0.0,0.0,0.0
-1.57299472E8,6629395.0,0.0,653.58673,15508.027,0.0,0.0,0.0,0.0
-1.57299472E8,6629395.0,0.0,653.58673,15508.027,0.0,0.0,0.0,0.0
-1.57299488E8,7232114.0,0.0,712.82806,15504.108,0.0,0.0,0.0,0.0
-1.57299488E8,7232114.0,0.0,712.82806,15504.108,0.0,0.0,0.0,0.0
-1.57299488E8,7232114.0,0.0,712.82806,15504.108,0.0,0.0,0.0,0.0
-1.566968E8,7834837.5,0.0,776.4701,15529.407,0.0,0.0,0.0,0.0
-1.566968E8,7834837.5,0.0,776.4701,15529.407,0.0,0.0,0.0,0.0
-1.566968E8,7834837.5,0.0,776.4701,15529.407,0.0,0.0,0.0,0.0
-1.56094112E8,7834849.5,0.0,780.96124,15559.133,0.0,0.0,0.0,0.0
-1.56094128E8,8437443.0,0.0,840.7733,15554.449,0.0,0.0,0.0,0.0
-1.56094128E8,8437443.0,0.0,840.7733,15554.449,0.0,0.0,0.0,0.0
-1.56094128E8,8437443.0,0.0,840.7733,15554.449,0.0,0.0,0.0,0.0
-1.56094128E8,8437443.0,0.0,840.7733,15554.449,0.0,0.0,0.0,0.0
-1.56094128E8,8437443.0,0.0,840.7733,15554.449,0.0,0.0,0.0,0.0
-1.56094128E8,8437443.0,0.0,840.7733,15554.449,0.0,0.0,0.0,0.0
-1.56094128E8,8437443.0,0.0,840.7733,15554.449,0.0,0.0,0.0,0.0
-1.56094128E8,8437443.0,0.0,840.7733,15554.449,0.0,0.0,0.0,0.0
-1.5549144E8,8437585.0,0.0,845.6661,15584.299,0.0,0.0,0.0,0.0
-1.5549144E8,8437585.0,0.0,845.6661,15584.299,0.0,0.0,0.0,0.0
-1.5549144E8,8437585.0,0.0,845.6661,15584.299,0.0,0.0,0.0,0.0
-1.5549144E8,8437585.0,0.0,845.6661,15584.299,0.0,0.0,0.0,0.0
-1.5549144E8,8437585.0,0.0,845.6661,15584.299,0.0,0.0,0.0,0.0
-1.5549144E8,8437585.0,0.0,845.6661,15584.299,0.0,0.0,0.0,0.0
-1.5549144E8,8437585.0,0.0,845.6661,15584.299,0.0,0.0,0.0,0.0
-1.5549144E8,8437585.0,0.0,845.6661,15584.299,0.0,0.0,0.0,0.0
-1.5549144E8,8437585.0,0.0,845.6661,15584.299,0.0,0.0,0.0,0.0
-1.5549144E8,8437585.0,0.0,845.6661,15584.299,0.0,0.0,0.0,0.0
-1.5549144E8,8437585.0,0.0,845.6661,15584.299,0.0,0.0,0.0,0.0
-1.5549144E8,8437585.0,0.0,845.6661,15584.299,0.0,0.0,0.0,0.0
-1.5549144E8,8437585.0,0.0,845.6661,15584.299,0.0,0.0,0.0,0.0
-1.54888752E8,9040285.0,0.0,911.0513,15609.197,0.0,0.0,0.0,0.0
-1.54888752E8,9040285.0,0.0,911.0513,15609.197,0.0,0.0,0.0,0.0
-1.54888752E8,9040285.0,0.0,911.0513,15609.197,0.0,0.0,0.0,0.0
-1.54888752E8,9040285.0,0.0,911.0513,15609.197,0.0,0.0,0.0,0.0
-1.54888752E8,9040285.0,0.0,911.0513,15609.197,0.0,0.0,0.0,0.0
-1.54888752E8,9040285.0,0.0,911.0513,15609.197,0.0,0.0,0.0,0.0
-1.54888752E8,9040285.0,0.0,911.0513,15609.197,0.0,0.0,0.0,0.0
-1.54888752E8,9040285.0,0.0,911.0513,15609.197,0.0,0.0,0.0,0.0
-1.54286064E8,9642922.0,0.0,977.1178,15633.814,0.0,0.0,0.0,0.0
-1.54286064E8,9642922.0,0.0,977.1178,15633.814,0.0,0.0,0.0,0.0
-1.54286064E8,9642922.0,0.0,977.1178,15633.814,0.0,0.0,0.0,0.0
-1.54286096E8,1.0245597E7,0.0,1037.7963,15627.937,0.0,0.0,0.0,0.0
-1.54286096E8,1.0245597E7,0.0,1037.7963,15627.937,0.0,0.0,0.0,0.0
-1.54286096E8,1.0245597E7,0.0,1037.7963,15627.937,0.0,0.0,0.0,0.0
-1.54286096E8,1.0245597E7,0.0,1037.7963,15627.937,0.0,0.0,0.0,0.0
-1.54286096E8,1.0245597E7,0.0,1037.7963,15627.937,0.0,0.0,0.0,0.0
-1.54286096E8,1.0245597E7,0.0,1037.7963,15627.937,0.0,0.0,0.0,0.0
-1.54286096E8,1.0245597E7,0.0,1037.7963,15627.937,0.0,0.0,0.0,0.0
-1.54286096E8,1.0245597E7,0.0,1037.7963,15627.937,0.0,0.0,0.0,0.0
-1.54286096E8,1.0245597E7,0.0,1037.7963,15627.937,0.0,0.0,0.0,0.0
-1.54286096E8,1.0245597E7,0.0,1037.7963,15627.937,0.0,0.0,0.0,0.0
-1.54286096E8,1.0245597E7,0.0,1037.7963,15627.937,0.0,0.0,0.0,0.0
-1.54286096E8,1.0245597E7,0.0,1037.7963,15627.937,0.0,0.0,0.0,0.0
-1.54286096E8,1.0245597E7,0.0,1037.7963,15627.937,0.0,0.0,0.0,0.0
-1.54286096E8,1.0245597E7,0.0,1037.7963,15627.937,0.0,0.0,0.0,0.0
-1.53683408E8,1.0245616E7,0.0,1043.882,15658.144,0.0,0.0,0.0,0.0
-1.53683408E8,1.0245616E7,0.0,1043.882,15658.144,0.0,0.0,0.0,0.0
-1.53683408E8,1.0245616E7,0.0,1043.882,15658.144,0.0,0.0,0.0,0.0
-1.53683408E8,1.0245616E7,0.0,1043.882,15658.144,0.0,0.0,0.0,0.0
-1.53683408E8,1.0245616E7,0.0,1043.882,15658.144,0.0,0.0,0.0,0.0
-1.53683408E8,1.0245616E7,0.0,1043.882,15658.144,0.0,0.0,0.0,0.0
-1.53683408E8,1.0245616E7,0.0,1043.882,15658.144,0.0,0.0,0.0,0.0
-1.53683408E8,1.0245616E7,0.0,1043.882,15658.144,0.0,0.0,0.0,0.0
-1.53683408E8,1.0245616E7,0.0,1043.882,15658.144,0.0,0.0,0.0,0.0
-1.53683408E8,1.0245616E7,0.0,1043.882,15658.144,0.0,0.0,0.0,0.0
-1.53683408E8,1.0245616E7,0.0,1043.882,15658.144,0.0,0.0,0.0,0.0
-1.53683392E8,1.0848181E7,0.0,1104.8309,15651.855,0.0,0.0,0.0,0.0
-1.53683392E8,1.0848181E7,0.0,1104.8309,15651.855,0.0,0.0,0.0,0.0
-1.53683392E8,1.0848181E7,0.0,1104.8309,15651.855,0.0,0.0,0.0,0.0
-1.53683392E8,1.0848181E7,0.0,1104.8309,15651.855,0.0,0.0,0.0,0.0
-1.53683392E8,1.0848181E7,0.0,1104.8309,15651.855,0.0,0.0,0.0,0.0
-1.53683392E8,1.0848181E7,0.0,1104.8309,15651.855,0.0,0.0,0.0,0.0
-1.53683392E8,1.0848181E7,0.0,1104.8309,15651.855,0.0,0.0,0.0,0.0
-1.53683392E8,1.0848181E7,0.0,1104.8309,15651.855,0.0,0.0,0.0,0.0
-1.53683392E8,1.0848181E7,0.0,1104.8309,15651.855,0.0,0.0,0.0,0.0
-1.53683392E8,1.0848181E7,0.0,1104.8309,15651.855,0.0,0.0,0.0,0.0
-1.53683392E8,1.0848181E7,0.0,1104.8309,15651.855,0.0,0.0,0.0,0.0
-1.53683392E8,1.145093E7,0.0,1165.7228,15645.212,0.0,0.0,0.0,0.0
-1.53683392E8,1.145093E7,0.0,1165.7228,15645.212,0.0,0.0,0.0,0.0
-1.53683392E8,1.145093E7,0.0,1165.7228,15645.212,0.0,0.0,0.0,0.0
-1.5308072E8,1.1450947E7,0.0,1172.5769,15675.465,0.0,0.0,0.0,0.0
-1.5308072E8,1.1450947E7,0.0,1172.5769,15675.465,0.0,0.0,0.0,0.0
-1.5308072E8,1.1450947E7,0.0,1172.5769,15675.465,0.0,0.0,0.0,0.0
-1.52478032E8,1.1450904E7,0.0,1179.4924,15705.896,0.0,0.0,0.0,0.0
-1.52478032E8,1.1450904E7,0.0,1179.4924,15705.896,0.0,0.0,0.0,0.0
-1.5187536E8,1.2053587E7,0.0,1248.3557,15729.299,0.0,0.0,0.0,0.0
-1.5187536E8,1.2053587E7,0.0,1248.3557,15729.299,0.0,0.0,0.0,0.0
-1.51272672E8,1.2053664E7,0.0,1255.7842,15760.009,0.0,0.0,0.0,0.0
-1.5067E8,1.205365E7,0.0,1263.2772,15790.899,0.0,0.0,0.0,0.0
-1.50669984E8,1.2656289E7,0.0,1325.7885,15783.184,0.0,0.0,0.0,0.0
-1.50669984E8,1.2656289E7,0.0,1325.7885,15783.184,0.0,0.0,0.0,0.0
-1.50067328E8,1.3861612E7,0.0,1459.2021,15797.481,0.0,0.0,0.0,0.0
-1.4946464E8,1.4464331E7,0.0,1530.9204,15819.499,0.0,0.0,0.0,0.0
-1.48861968E8,1.5067028E7,0.0,1603.3574,15841.142,0.0,0.0,0.0,0.0
-1.4825928E8,1.5669676E7,0.0,1676.5135,15862.401,0.0,0.0,0.0,0.0
-1.4825928E8,1.5669676E7,0.0,1676.5135,15862.401,0.0,0.0,0.0,0.0
-1.47656608E8,1.5669629E7,0.0,1686.6691,15893.664,0.0,0.0,0.0,0.0
-1.47656592E8,1.6272392E7,0.0,1750.404,15883.264,0.0,0.0,0.0,0.0
-1.47053904E8,1.6272407E7,0.0,1761.0474,15914.603,0.0,0.0,0.0,0.0
-1.4705392E8,1.6875014E7,0.0,1825.0139,15903.719,0.0,0.0,0.0,0.0
-1.4705392E8,1.6875014E7,0.0,1825.0139,15903.719,0.0,0.0,0.0,0.0
-1.4705392E8,1.6875014E7,0.0,1825.0139,15903.719,0.0,0.0,0.0,0.0
-1.4705392E8,1.747775E7,0.0,1888.8607,15892.455,0.0,0.0,0.0,0.0
-1.4705392E8,1.747775E7,0.0,1888.8607,15892.455,0.0,0.0,0.0,0.0
-1.46451232E8,1.7477794E7,0.0,1900.3733,15923.75,0.0,0.0,0.0,0.0
-1.46451232E8,1.808041E7,0.0,1964.4452,15911.996,0.0,0.0,0.0,0.0
-1.46451232E8,1.808041E7,0.0,1964.4452,15911.996,0.0,0.0,0.0,0.0
-1.4584856E8,1.8080428E7,0.0,1976.4515,15943.35,0.0,0.0,0.0,0.0
-1.4584856E8,1.8080428E7,0.0,1976.4515,15943.35,0.0,0.0,0.0,0.0
-1.4584856E8,1.8080428E7,0.0,1976.4515,15943.35,0.0,0.0,0.0,0.0
-1.4584856E8,1.8080428E7,0.0,1976.4515,15943.35,0.0,0.0,0.0,0.0
-1.4584856E8,1.8080428E7,0.0,1976.4515,15943.35,0.0,0.0,0.0,0.0
-1.45245888E8,1.8080406E7,0.0,1988.5756,15974.887,0.0,0.0,0.0,0.0
-1.45245888E8,1.8080406E7,0.0,1988.5756,15974.887,0.0,0.0,0.0,0.0
-1.45245888E8,1.8080406E7,0.0,1988.5756,15974.887,0.0,0.0,0.0,0.0
-1.45245888E8,1.8080406E7,0.0,1988.5756,15974.887,0.0,0.0,0.0,0.0
-1.45245888E8,1.8080406E7,0.0,1988.5756,15974.887,0.0,0.0,0.0,0.0
-1.44643216E8,1.8683064E7,0.0,2065.902,15994.097,0.0,0.0,0.0,0.0
-1.44643216E8,1.8683064E7,0.0,2065.902,15994.097,0.0,0.0,0.0,0.0
-1.44040544E8,1.8683014E7,0.0,2078.6614,16025.869,0.0,0.0,0.0,0.0
-1.44040544E8,1.8683014E7,0.0,2078.6614,16025.869,0.0,0.0,0.0,0.0
-1.44040544E8,1.8683014E7,0.0,2078.6614,16025.869,0.0,0.0,0.0,0.0
-1.43437856E8,1.8683018E7,0.0,2091.558,16057.823,0.0,0.0,0.0,0.0
-1.43437856E8,1.8683018E7,0.0,2091.558,16057.823,0.0,0.0,0.0,0.0
-1.43437856E8,1.9285708E7,0.0,2157.2598,16044.664,0.0,0.0,0.0,0.0
-1.43437856E8,1.9285708E7,0.0,2157.2598,16044.664,0.0,0.0,0.0,0.0
-1.42835168E8,1.9888392E7,0.0,2236.6116,16062.978,0.0,0.0,0.0,0.0
-1.4223248E8,1.9888414E7,0.0,2250.5725,16095.023,0.0,0.0,0.0,0.0
-1.4223248E8,1.9888414E7,0.0,2250.5725,16095.023,0.0,0.0,0.0,0.0
-1.4223248E8,1.9888414E7,0.0,2250.5725,16095.023,0.0,0.0,0.0,0.0
-1.4223248E8,1.9888414E7,0.0,2250.5725,16095.023,0.0,0.0,0.0,0.0
-1.4223248E8,1.9888414E7,0.0,2250.5725,16095.023,0.0,0.0,0.0,0.0
-1.41629808E8,1.9888426E7,0.0,2264.6765,16127.253,0.0,0.0,0.0,0.0
-1.41629808E8,1.9888426E7,0.0,2264.6765,16127.253,0.0,0.0,0.0,0.0
-1.41629808E8,1.9888426E7,0.0,2264.6765,16127.253,0.0,0.0,0.0,0.0
-1.4102712E8,1.988842E7,0.0,2278.9253,16159.669,0.0,0.0,0.0,0.0
-1.4102712E8,1.988842E7,0.0,2278.9253,16159.669,0.0,0.0,0.0,0.0
-1.4102712E8,1.988842E7,0.0,2278.9253,16159.669,0.0,0.0,0.0,0.0
-1.4102712E8,1.988842E7,0.0,2278.9253,16159.669,0.0,0.0,0.0,0.0
-1.4102712E8,1.988842E7,0.0,2278.9253,16159.669,0.0,0.0,0.0,0.0
-1.4102712E8,1.988842E7,0.0,2278.9253,16159.669,0.0,0.0,0.0,0.0
-1.4102712E8,1.988842E7,0.0,2278.9253,16159.669,0.0,0.0,0.0,0.0
-1.4102712E8,1.988842E7,0.0,2278.9253,16159.669,0.0,0.0,0.0,0.0
-1.4102712E8,1.988842E7,0.0,2278.9253,16159.669,0.0,0.0,0.0,0.0
-1.4102712E8,1.988842E7,0.0,2278.9253,16159.669,0.0,0.0,0.0,0.0
-1.4102712E8,1.988842E7,0.0,2278.9253,16159.669,0.0,0.0,0.0,0.0
-1.4102712E8,1.988842E7,0.0,2278.9253,16159.669,0.0,0.0,0.0,0.0
-1.4102712E8,1.988842E7,0.0,2278.9253,16159.669,0.0,0.0,0.0,0.0
-1.4102712E8,1.988842E7,0.0,2278.9253,16159.669,0.0,0.0,0.0,0.0
-1.4102712E8,1.988842E7,0.0,2278.9253,16159.669,0.0,0.0,0.0,0.0
-1.4102712E8,1.988842E7,0.0,2278.9253,16159.669,0.0,0.0,0.0,0.0
-1.4102712E8,1.988842E7,0.0,2278.9253,16159.669,0.0,0.0,0.0,0.0
-1.4102712E8,1.988842E7,0.0,2278.9253,16159.669,0.0,0.0,0.0,0.0
-1.4102712E8,1.988842E7,0.0,2278.9253,16159.669,0.0,0.0,0.0,0.0
-1.4102712E8,1.988842E7,0.0,2278.9253,16159.669,0.0,0.0,0.0,0.0
-1.4102712E8,1.988842E7,0.0,2278.9253,16159.669,0.0,0.0,0.0,0.0
-1.4102712E8,1.988842E7,0.0,2278.9253,16159.669,0.0,0.0,0.0,0.0
-1.4102712E8,1.988842E7,0.0,2278.9253,16159.669,0.0,0.0,0.0,0.0
-1.4102712E8,1.988842E7,0.0,2278.9253,16159.669,0.0,0.0,0.0,0.0
-1.4102712E8,1.988842E7,0.0,2278.9253,16159.669,0.0,0.0,0.0,0.0
-1.4102712E8,1.988842E7,0.0,2278.9253,16159.669,0.0,0.0,0.0,0.0
-1.4102712E8,1.988842E7,0.0,2278.9253,16159.669,0.0,0.0,0.0,0.0
-1.4102712E8,1.988842E7,0.0,2278.9253,16159.669,0.0,0.0,0.0,0.0
-2.5071488E8,1.8683138E7,0.0,912.79675,12249.105,0.0,0.0,0.0,0.0
-2.5071488E8,1.8683138E7,0.0,912.79675,12249.105,0.0,0.0,0.0,0.0
-2.5071488E8,1.8683138E7,0.0,912.79675,12249.105,0.0,0.0,0.0,0.0
-2.5071488E8,1.8683138E7,0.0,912.79675,12249.105,0.0,0.0,0.0,0.0
-2.5071488E8,1.8683138E7,0.0,912.79675,12249.105,0.0,0.0,0.0,0.0
-2.5071488E8,1.8683138E7,0.0,912.79675,12249.105,0.0,0.0,0.0,0.0
-2.5071488E8,1.8683138E7,0.0,912.79675,12249.105,0.0,0.0,0.0,0.0
-2.5071488E8,1.8683138E7,0.0,912.79675,12249.105,0.0,0.0,0.0,0.0
-2.5071488E8,1.8683138E7,0.0,912.79675,12249.105,0.0,0.0,0.0,0.0
-2.5071488E8,1.8683138E7,0.0,912.79675,12249.105,0.0,0.0,0.0,0.0
-2.5071488E8,1.8683138E7,0.0,912.79675,12249.105,0.0,0.0,0.0,0.0
-2.5071488E8,1.8683138E7,0.0,912.79675,12249.105,0.0,0.0,0.0,0.0
-2.5071488E8,1.8683138E7,0.0,912.79675,12249.105,0.0,0.0,0.0,0.0
-2.5071488E8,1.8683138E7,0.0,912.79675,12249.105,0.0,0.0,0.0,0.0
-2.5071488E8,1.8683138E7,0.0,912.79675,12249.105,0.0,0.0,0.0,0.0
-2.5071488E8,1.8683138E7,0.0,912.79675,12249.105,0.0,0.0,0.0,0.0
-2.5071488E8,1.8683138E7,0.0,912.79675,12249.105,0.0,0.0,0.0,0.0
-2.5071488E8,1.8683138E7,0.0,912.79675,12249.105,0.0,0.0,0.0,0.0
-2.5071488E8,1.8683138E7,0.0,912.79675,12249.105,0.0,0.0,0.0,0.0
-2.5071488E8,1.8683138E7,0.0,912.79675,12249.105,0.0,0.0,0.0,0.0
-2.5071488E8,1.8683138E7,0.0,912.79675,12249.105,0.0,0.0,0.0,0.0
-2.5071488E8,1.8683138E7,0.0,912.79675,12249.105,0.0,0.0,0.0,0.0
-2.5071488E8,1.8683138E7,0.0,912.79675,12249.105,0.0,0.0,0.0,0.0
-2.5071488E8,1.8683138E7,0.0,912.79675,12249.105,0.0,0.0,0.0,0.0
-2.5071488E8,1.8683138E7,0.0,912.79675,12249.105,0.0,0.0,0.0,0.0
-2.5071488E8,1.8683138E7,0.0,912.79675,12249.105,0.0,0.0,0.0,0.0
-2.5071488E8,1.8683138E7,0.0,912.79675,12249.105,0.0,0.0,0.0,0.0
-2.5071488E8,1.8683138E7,0.0,912.79675,12249.105,0.0,0.0,0.0,0.0
-2.5071488E8,1.8683138E7,0.0,912.79675,12249.105,0.0,0.0,0.0,0.0
-2.5071488E8,1.8683138E7,0.0,912.79675,12249.105,0.0,0.0,0.0,0.0
-2.5071488E8,1.8683138E7,0.0,912.79675,12249.105,0.0,0.0,0.0,0.0
-2.5071488E8,1.8683138E7,0.0,912.79675,12249.105,0.0,0.0,0.0,0.0
-2.5071488E8,1.8683138E7,0.0,912.79675,12249.105,0.0,0.0,0.0,0.0
-2.5071488E8,1.8683138E7,0.0,912.79675,12249.105,0.0,0.0,0.0,0.0
-2.5071488E8,1.8683138E7,0.0,912.79675,12249.105,0.0,0.0,0.0,0.0
-2.5071488E8,1.8683138E7,0.0,912.79675,12249.105,0.0,0.0,0.0,0.0
-2.5071488E8,1.8683138E7,0.0,912.79675,12249.105,0.0,0.0,0.0,0.0
-2.5071488E8,1.8683138E7,0.0,912.79675,12249.105,0.0,0.0,0.0,0.0
-2.5071488E8,1.8683138E7,0.0,912.79675,12249.105,0.0,0.0,0.0,0.0
-2.5071488E8,1.8683138E7,0.0,912.79675,12249.105,0.0,0.0,0.0,0.0
-2.5071488E8,1.8683138E7,0.0,912.79675,12249.105,0.0,0.0,0.0,0.0
-2.5071488E8,1.8683138E7,0.0,912.79675,12249.105,0.0,0.0,0.0,0.0
-2.5071488E8,1.8683138E7,0.0,912.79675,12249.105,0.0,0.0,0.0,0.0
-2.5071488E8,1.8683138E7,0.0,912.79675,12249.105,0.0,0.0,0.0,0.0
-2.5071488E8,1.8683138E7,0.0,912.79675,12249.105,0.0,0.0,0.0,0.0
-2.5071488E8,1.8683138E7,0.0,912.79675,12249.105,0.0,0.0,0.0,0.0
-2.5071488E8,1.8683138E7,0.0,912.79675,12249.105,0.0,0.0,0.0,0.0
-2.5071488E8,1.8683138E7,0.0,912.79675,12249.105,0.0,0.0,0.0,0.0
-2.5071488E8,1.8683138E7,0.0,912.79675,12249.105,0.0,0.0,0.0,0.0
-2.5071488E8,1.8683138E7,0.0,912.79675,12249.105,0.0,0.0,0.0,0.0
-2.50112192E8,1.8683078E7,0.0,916.07697,12263.61,0.0,0.0,0.0,0.0
-2.50112192E8,1.8683078E7,0.0,916.07697,12263.61,0.0,0.0,0.0,0.0
-2.49509536E8,1.8080394E7,0.0,889.958,12281.425,0.0,0.0,0.0,0.0
-2.49509536E8,1.8080394E7,0.0,889.958,12281.425,0.0,0.0,0.0,0.0
-2.48906848E8,1.7477718E7,0.0,863.626,12299.227,0.0,0.0,0.0,0.0
-2.48304128E8,1.6875066E7,0.0,837.0798,12317.01,0.0,0.0,0.0,0.0
-2.48304128E8,1.6875066E7,0.0,837.0798,12317.01,0.0,0.0,0.0,0.0
-2.48304128E8,1.6875066E7,0.0,837.0798,12317.01,0.0,0.0,0.0,0.0
-2.48304128E8,1.6875066E7,0.0,837.0798,12317.01,0.0,0.0,0.0,0.0
-2.48304128E8,1.6875066E7,0.0,837.0798,12317.01,0.0,0.0,0.0,0.0
-2.48304128E8,1.6875066E7,0.0,837.0798,12317.01,0.0,0.0,0.0,0.0
-2.48304128E8,1.6875066E7,0.0,837.0798,12317.01,0.0,0.0,0.0,0.0
-2.47701488E8,1.6875166E7,0.0,840.1273,12331.776,0.0,0.0,0.0,0.0
-2.47701488E8,1.6875166E7,0.0,840.1273,12331.776,0.0,0.0,0.0,0.0
-2.47701456E8,1.6272463E7,0.0,810.319,12334.775,0.0,0.0,0.0,0.0
-2.47701456E8,1.6272463E7,0.0,810.319,12334.775,0.0,0.0,0.0,0.0
-2.470988E8,1.5669685E7,0.0,783.33093,12352.522,0.0,0.0,0.0,0.0
-2.46496112E8,1.56697E7,0.0,786.1949,12367.434,0.0,0.0,0.0,0.0
-2.46496112E8,1.5066979E7,0.0,756.1268,12370.251,0.0,0.0,0.0,0.0
-2.4589344E8,1.446437E7,0.0,728.70575,12387.955,0.0,0.0,0.0,0.0
-2.4589344E8,1.446437E7,0.0,728.70575,12387.955,0.0,0.0,0.0,0.0
-2.45893456E8,1.3861583E7,0.0,698.4851,12390.57,0.0,0.0,0.0,0.0
-2.45893456E8,1.3861583E7,0.0,698.4851,12390.57,0.0,0.0,0.0,0.0
-2.45893456E8,1.3861583E7,0.0,698.4851,12390.57,0.0,0.0,0.0,0.0
-2.45893456E8,1.3861583E7,0.0,698.4851,12390.57,0.0,0.0,0.0,0.0
-2.45893456E8,1.3861583E7,0.0,698.4851,12390.57,0.0,0.0,0.0,0.0
-2.4589344E8,1.325896E7,0.0,668.2541,12393.075,0.0,0.0,0.0,0.0
-2.4589344E8,1.325896E7,0.0,668.2541,12393.075,0.0,0.0,0.0,0.0
-2.4589344E8,1.325896E7,0.0,668.2541,12393.075,0.0,0.0,0.0,0.0
-2.4589344E8,1.325896E7,0.0,668.2541,12393.075,0.0,0.0,0.0,0.0
-2.4589344E8,1.325896E7,0.0,668.2541,12393.075,0.0,0.0,0.0,0.0
-2.4589344E8,1.325896E7,0.0,668.2541,12393.075,0.0,0.0,0.0,0.0
-2.4589344E8,1.2656261E7,0.0,638.00116,12395.47,0.0,0.0,0.0,0.0
-2.4589344E8,1.2656261E7,0.0,638.00116,12395.47,0.0,0.0,0.0,0.0
-2.45290752E8,1.2053716E7,0.0,609.97473,12412.865,0.0,0.0,0.0,0.0
-2.45290752E8,1.2053716E7,0.0,609.97473,12412.865,0.0,0.0,0.0,0.0
-2.45290752E8,1.2053716E7,0.0,609.97473,12412.865,0.0,0.0,0.0,0.0
-2.45290752E8,1.2053716E7,0.0,609.97473,12412.865,0.0,0.0,0.0,0.0
-2.45290752E8,1.2053716E7,0.0,609.97473,12412.865,0.0,0.0,0.0,0.0
-2.45290752E8,1.2053716E7,0.0,609.97473,12412.865,0.0,0.0,0.0,0.0
-2.44688096E8,1.1450838E7,0.0,581.7061,12430.232,0.0,0.0,0.0,0.0
-2.44688096E8,1.1450838E7,0.0,581.7061,12430.232,0.0,0.0,0.0,0.0
-2.44688096E8,1.1450838E7,0.0,581.7061,12430.232,0.0,0.0,0.0,0.0
-2.44688096E8,1.1450838E7,0.0,581.7061,12430.232,0.0,0.0,0.0,0.0
-2.44688096E8,1.1450838E7,0.0,581.7061,12430.232,0.0,0.0,0.0,0.0
-2.44688096E8,1.1450838E7,0.0,581.7061,12430.232,0.0,0.0,0.0,0.0
-2.44688096E8,1.1450838E7,0.0,581.7061,12430.232,0.0,0.0,0.0,0.0
-2.44688096E8,1.0848238E7,0.0,551.1865,12432.321,0.0,0.0,0.0,0.0
-2.44688096E8,1.0848238E7,0.0,551.1865,12432.321,0.0,0.0,0.0,0.0
-2.44688096E8,1.0245537E7,0.0,520.64667,12434.297,0.0,0.0,0.0,0.0
-2.44085408E8,9642988.0,0.0,491.914,12451.434,0.0,0.0,0.0,0.0
-2.4348272E8,9642901.0,0.0,493.7342,12466.762,0.0,0.0,0.0,0.0
-2.4348272E8,9642901.0,0.0,493.7342,12466.762,0.0,0.0,0.0,0.0
-2.4348272E8,9642901.0,0.0,493.7342,12466.762,0.0,0.0,0.0,0.0
-2.4348272E8,9642901.0,0.0,493.7342,12466.762,0.0,0.0,0.0,0.0
-2.4348272E8,9642901.0,0.0,493.7342,12466.762,0.0,0.0,0.0,0.0
-2.42880048E8,9642927.0,0.0,495.5715,12482.146,0.0,0.0,0.0,0.0
-2.42880048E8,9642927.0,0.0,495.5715,12482.146,0.0,0.0,0.0,0.0
-2.42880048E8,9642927.0,0.0,495.5715,12482.146,0.0,0.0,0.0,0.0
-2.42277376E8,9040277.0,0.0,466.39886,12499.384,0.0,0.0,0.0,0.0
-2.42277376E8,9040277.0,0.0,466.39886,12499.384,0.0,0.0,0.0,0.0
-2.41674672E8,8437608.0,0.0,436.9926,12516.586,0.0,0.0,0.0,0.0
-2.41674672E8,8437608.0,0.0,436.9926,12516.586,0.0,0.0,0.0,0.0
-2.41072016E8,8437515.0,0.0,438.6254,12532.163,0.0,0.0,0.0,0.0
-2.41072016E8,8437515.0,0.0,438.6254,12532.163,0.0,0.0,0.0,0.0
-2.41072016E8,8437515.0,0.0,438.6254,12532.163,0.0,0.0,0.0,0.0
-2.41072016E8,8437515.0,0.0,438.6254,12532.163,0.0,0.0,0.0,0.0
-2.41072016E8,8437515.0,0.0,438.6254,12532.163,0.0,0.0,0.0,0.0
-2.41072016E8,8437515.0,0.0,438.6254,12532.163,0.0,0.0,0.0,0.0
-2.41072E8,7834708.5,0.0,407.34,12533.749,0.0,0.0,0.0,0.0
-2.41072E8,7834708.5,0.0,407.34,12533.749,0.0,0.0,0.0,0.0
-2.41072E8,7232231.5,0.0,376.06018,12535.216,0.0,0.0,0.0,0.0
-2.40469328E8,7232054.5,0.0,377.46432,12550.872,0.0,0.0,0.0,0.0
-2.40469328E8,7232054.5,0.0,377.46432,12550.872,0.0,0.0,0.0,0.0
-2.3986664E8,7232246.5,0.0,378.89658,12566.586,0.0,0.0,0.0,0.0
-2.39866624E8,6629432.0,0.0,347.353,12567.954,0.0,0.0,0.0,0.0
-2.39263968E8,6629445.0,0.0,348.6659,12583.736,0.0,0.0,0.0,0.0
-2.39263968E8,6629445.0,0.0,348.6659,12583.736,0.0,0.0,0.0,0.0
-2.39263968E8,6629445.0,0.0,348.6659,12583.736,0.0,0.0,0.0,0.0
-2.38661264E8,6629601.5,0.0,349.99472,12599.578,0.0,0.0,0.0,0.0
-2.3866128E8,6026935.0,0.0,318.21024,12600.843,0.0,0.0,0.0,0.0
-2.38058608E8,6026709.0,0.0,319.40662,12616.752,0.0,0.0,0.0,0.0
-2.38058608E8,6026709.0,0.0,319.40662,12616.752,0.0,0.0,0.0,0.0
-2.37455936E8,5424138.0,0.0,288.59216,12633.883,0.0,0.0,0.0,0.0
-2.37455936E8,5424138.0,0.0,288.59216,12633.883,0.0,0.0,0.0,0.0
-2.36853216E8,5424157.0,0.0,289.69482,12649.92,0.0,0.0,0.0,0.0
-2.35647872E8,4218693.0,0.0,227.07875,12684.171,0.0,0.0,0.0,0.0
-2.34442512E8,3616087.2,0.0,196.15756,12717.523,0.0,0.0,0.0,0.0
-2.3383984E8,3013473.5,0.0,164.1095,12734.587,0.0,0.0,0.0,0.0
-2.33237152E8,3013270.5,0.0,164.7348,12751.021,0.0,0.0,0.0,0.0
-2.31429136E8,1808111.9,0.0,100.01764,12801.75,0.0,0.0,0.0,0.0
-2.31429136E8,1808111.9,0.0,100.01764,12801.75,0.0,0.0,0.0,0.0
-2.30826432E8,1808026.1,0.0,100.40483,12818.448,0.0,0.0,0.0,0.0
-2.3022376E8,1807916.4,0.0,100.793205,12835.213,0.0,0.0,0.0,0.0
-2.29621088E8,1808001.8,0.0,101.19504,12852.042,0.0,0.0,0.0,0.0
-2.29621072E8,1205332.1,0.0,67.46497,12852.375,0.0,0.0,0.0,0.0
-2.29018384E8,1205226.2,0.0,67.72551,12869.273,0.0,0.0,0.0,0.0
-2.29018384E8,1205226.2,0.0,67.72551,12869.273,0.0,0.0,0.0,0.0
-2.28415728E8,1205322.4,0.0,67.99914,12886.238,0.0,0.0,0.0,0.0
-2.27813024E8,602713.44,0.0,34.138073,12903.475,0.0,0.0,0.0,0.0
-2.27813024E8,602713.44,0.0,34.138073,12903.475,0.0,0.0,0.0,0.0
-2.27813024E8,602713.44,0.0,34.138073,12903.475,0.0,0.0,0.0,0.0
-2.27813024E8,602713.44,0.0,34.138073,12903.475,0.0,0.0,0.0,0.0
-2.27813024E8,602713.44,0.0,34.138073,12903.475,0.0,0.0,0.0,0.0
-2.27813024E8,602713.44,0.0,34.138073,12903.475,0.0,0.0,0.0,0.0
-2.27813024E8,602713.44,0.0,34.138073,12903.475,0.0,0.0,0.0,0.0
-2.27813024E8,602713.44,0.0,34.138073,12903.475,0.0,0.0,0.0,0.0
-2.27210352E8,34.307808,0.0,0.0019509629,12920.644,0.0,0.0,0.0,0.0
-2.27210352E8,34.307808,0.0,0.0019509629,12920.644,0.0,0.0,0.0,0.0
-2.27210352E8,34.307808,0.0,0.0019509629,12920.644,0.0,0.0,0.0,0.0
-2.27210352E8,34.307808,0.0,0.0019509629,12920.644,0.0,0.0,0.0,0.0
-2.27210352E8,34.307808,0.0,0.0019509629,12920.644,0.0,0.0,0.0,0.0
-2.27210352E8,34.307808,0.0,0.0019509629,12920.644,0.0,0.0,0.0,0.0
-2.27210352E8,34.307808,0.0,0.0019509629,12920.644,0.0,0.0,0.0,0.0
-2.27210352E8,-602729.7,0.0,-34.274914,12920.576,0.0,0.0,0.0,0.0
-2.27210352E8,-602729.7,0.0,-34.274914,12920.576,0.0,0.0,0.0,0.0
-2.2660768E8,-1205384.2,0.0,-68.818085,12937.54,0.0,0.0,0.0,0.0
-2.2660768E8,-1205384.2,0.0,-68.818085,12937.54,0.0,0.0,0.0,0.0
-2.2660768E8,-1808087.9,0.0,-103.225044,12937.196,0.0,0.0,0.0,0.0
-2.2660768E8,-1808087.9,0.0,-103.225044,12937.196,0.0,0.0,0.0,0.0
-2.26004992E8,-1808074.9,0.0,-103.63746,12954.431,0.0,0.0,0.0,0.0
-2.2540232E8,-1808090.5,0.0,-104.05427,12971.735,0.0,0.0,0.0,0.0
-2.2540232E8,-1808090.5,0.0,-104.05427,12971.735,0.0,0.0,0.0,0.0
-2.24799648E8,-2410771.5,0.0,-139.2911,12988.618,0.0,0.0,0.0,0.0
-2.24799632E8,-3013443.8,0.0,-174.10426,12987.988,0.0,0.0,0.0,0.0
-2.24196944E8,-3616142.5,0.0,-209.75604,13004.649,0.0,0.0,0.0,0.0
-2.24196944E8,-3616142.5,0.0,-209.75604,13004.649,0.0,0.0,0.0,0.0
-2.23594272E8,-3616126.5,0.0,-210.60353,13022.15,0.0,0.0,0.0,0.0
-2.23594272E8,-3616126.5,0.0,-210.60353,13022.15,0.0,0.0,0.0,0.0
-2.23594272E8,-4218810.5,0.0,-245.68648,13021.228,0.0,0.0,0.0,0.0
-2.229916E8,-4218820.0,0.0,-246.6834,13038.794,0.0,0.0,0.0,0.0
-2.229916E8,-4218820.0,0.0,-246.6834,13038.794,0.0,0.0,0.0,0.0
-2.229916E8,-4821484.5,0.0,-281.89932,13037.723,0.0,0.0,0.0,0.0
-2.229916E8,-4821484.5,0.0,-281.89932,13037.723,0.0,0.0,0.0,0.0
-2.229916E8,-4821484.5,0.0,-281.89932,13037.723,0.0,0.0,0.0,0.0
-2.22388896E8,-4821503.0,0.0,-283.04657,13055.352,0.0,0.0,0.0,0.0
-2.22388896E8,-4821503.0,0.0,-283.04657,13055.352,0.0,0.0,0.0,0.0
-2.22388928E8,-5424149.0,0.0,-318.39508,13054.13,0.0,0.0,0.0,0.0
-2.2178624E8,-5424158.5,0.0,-319.6936,13071.824,0.0,0.0,0.0,0.0
-2.21183552E8,-5424140.5,0.0,-320.99927,13089.588,0.0,0.0,0.0,0.0
-2.21183552E8,-5424140.5,0.0,-320.99927,13089.588,0.0,0.0,0.0,0.0
-2.21183552E8,-5424140.5,0.0,-320.99927,13089.588,0.0,0.0,0.0,0.0
-2.21183552E8,-5424140.5,0.0,-320.99927,13089.588,0.0,0.0,0.0,0.0
-2.21183552E8,-5424140.5,0.0,-320.99927,13089.588,0.0,0.0,0.0,0.0
-2.21183552E8,-5424140.5,0.0,-320.99927,13089.588,0.0,0.0,0.0,0.0
-2.2058088E8,-6026821.0,0.0,-358.08954,13106.031,0.0,0.0,0.0,0.0
-2.2058088E8,-6026821.0,0.0,-358.08954,13106.031,0.0,0.0,0.0,0.0
-2.2058088E8,-6629531.5,0.0,-393.85394,13104.493,0.0,0.0,0.0,0.0
-2.19978192E8,-6629528.5,0.0,-395.472,13122.383,0.0,0.0,0.0,0.0
-2.19978192E8,-7232217.0,0.0,-431.3684,13120.686,0.0,0.0,0.0,0.0
-2.19978192E8,-7232217.0,0.0,-431.3684,13120.686,0.0,0.0,0.0,0.0
-2.19978208E8,-7834856.5,0.0,-467.24738,13118.841,0.0,0.0,0.0,0.0
-2.19375504E8,-7834862.5,0.0,-469.1721,13136.78,0.0,0.0,0.0,0.0
-2.1937552E8,-8437544.0,0.0,-505.18512,13134.775,0.0,0.0,0.0,0.0
-2.1937552E8,-8437544.0,0.0,-505.18512,13134.775,0.0,0.0,0.0,0.0
-2.1937552E8,-9040247.0,0.0,-541.1824,13132.624,0.0,0.0,0.0,0.0
-2.1937552E8,-9040247.0,0.0,-541.1824,13132.624,0.0,0.0,0.0,0.0
-2.1937552E8,-9040247.0,0.0,-541.1824,13132.624,0.0,0.0,0.0,0.0
-2.1937552E8,-9040247.0,0.0,-541.1824,13132.624,0.0,0.0,0.0,0.0
-2.18772832E8,-9040229.0,0.0,-543.4153,13150.606,0.0,0.0,0.0,0.0
-2.18772832E8,-9040229.0,0.0,-543.4153,13150.606,0.0,0.0,0.0,0.0
-2.1817016E8,-9040231.0,0.0,-545.66486,13168.665,0.0,0.0,0.0,0.0
-2.1817016E8,-9040231.0,0.0,-545.66486,13168.665,0.0,0.0,0.0,0.0
-2.1817016E8,-9040231.0,0.0,-545.66486,13168.665,0.0,0.0,0.0,0.0
-2.18170144E8,-9642897.0,0.0,-581.9385,13166.334,0.0,0.0,0.0,0.0
-2.17567488E8,-1.0245585E7,0.0,-620.7582,13181.951,0.0,0.0,0.0,0.0
-2.17567488E8,-1.0245585E7,0.0,-620.7582,13181.951,0.0,0.0,0.0,0.0
-2.17567488E8,-1.0245585E7,0.0,-620.7582,13181.951,0.0,0.0,0.0,0.0
-2.17567488E8,-1.08483E7,0.0,-657.1434,13179.303,0.0,0.0,0.0,0.0
-2.17567488E8,-1.08483E7,0.0,-657.1434,13179.303,0.0,0.0,0.0,0.0
-2.17567488E8,-1.08483E7,0.0,-657.1434,13179.303,0.0,0.0,0.0,0.0
-2.17567488E8,-1.08483E7,0.0,-657.1434,13179.303,0.0,0.0,0.0,0.0
-2.16964784E8,-1.1450946E7,0.0,-696.38544,13194.641,0.0,0.0,0.0,0.0
-2.16964784E8,-1.1450946E7,0.0,-696.38544,13194.641,0.0,0.0,0.0,0.0
-2.16362112E8,-1.2053636E7,0.0,-735.9276,13209.861,0.0,0.0,0.0,0.0
-2.16362112E8,-1.2656299E7,0.0,-772.5391,13206.721,0.0,0.0,0.0,0.0
-2.16362112E8,-1.2656299E7,0.0,-772.5391,13206.721,0.0,0.0,0.0,0.0
-2.15156768E8,-1.265631E7,0.0,-779.0184,13243.281,0.0,0.0,0.0,0.0
-2.1455408E8,-1.3861699E7,0.0,-856.3529,13254.798,0.0,0.0,0.0,0.0
-2.13951392E8,-1.5067035E7,0.0,-934.2046,13265.674,0.0,0.0,0.0,0.0
-2.13348736E8,-1.6272412E7,0.0,-1012.5716,13275.897,0.0,0.0,0.0,0.0
-2.12746032E8,-1.687508E7,0.0,-1054.1658,13289.986,0.0,0.0,0.0,0.0
-2.1214336E8,-1.687507E7,0.0,-1058.6323,13308.497,0.0,0.0,0.0,0.0
-2.11540672E8,-1.7477756E7,0.0,-1100.7208,13322.49,0.0,0.0,0.0,0.0
-2.10937984E8,-1.7477738E7,0.0,-1105.4082,13341.119,0.0,0.0,0.0,0.0
-2.10937984E8,-1.7477738E7,0.0,-1105.4082,13341.119,0.0,0.0,0.0,0.0
-2.10335312E8,-1.808043E7,0.0,-1147.997,13355.009,0.0,0.0,0.0,0.0
-2.10335312E8,-1.808043E7,0.0,-1147.997,13355.009,0.0,0.0,0.0,0.0
-2.10335312E8,-1.808043E7,0.0,-1147.997,13355.009,0.0,0.0,0.0,0.0
-2.10335312E8,-1.808043E7,0.0,-1147.997,13355.009,0.0,0.0,0.0,0.0
-2.10335312E8,-1.808043E7,0.0,-1147.997,13355.009,0.0,0.0,0.0,0.0
-2.10335312E8,-1.808043E7,0.0,-1147.997,13355.009,0.0,0.0,0.0,0.0
-2.09732624E8,-1.92858E7,0.0,-1228.837,13363.574,0.0,0.0,0.0,0.0
-2.09732624E8,-1.92858E7,0.0,-1228.837,13363.574,0.0,0.0,0.0,0.0
-2.0973264E8,-1.9888462E7,0.0,-1266.7313,13358.242,0.0,0.0,0.0,0.0
-2.0973264E8,-1.9888462E7,0.0,-1266.7313,13358.242,0.0,0.0,0.0,0.0
-2.09129984E8,-1.9888464E7,0.0,-1272.162,13376.961,0.0,0.0,0.0,0.0
-2.08527264E8,-2.109382E7,0.0,-1353.9204,13384.457,0.0,0.0,0.0,0.0
-2.08527264E8,-2.109382E7,0.0,-1353.9204,13384.457,0.0,0.0,0.0,0.0
-2.07321904E8,-2.1093838E7,0.0,-1365.6251,13422.119,0.0,0.0,0.0,0.0
-2.07321904E8,-2.1093838E7,0.0,-1365.6251,13422.119,0.0,0.0,0.0,0.0
-2.06719248E8,-2.1696516E7,0.0,-1410.0951,13435.05,0.0,0.0,0.0,0.0
-2.06719248E8,-2.1696516E7,0.0,-1410.0951,13435.05,0.0,0.0,0.0,0.0
-2.06719248E8,-2.1696516E7,0.0,-1410.0951,13435.05,0.0,0.0,0.0,0.0
-2.06116576E8,-2.169651E7,0.0,-1416.2161,13454.034,0.0,0.0,0.0,0.0
-2.06116576E8,-2.169651E7,0.0,-1416.2161,13454.034,0.0,0.0,0.0,0.0
-2.0611656E8,-2.2299194E7,0.0,-1454.8821,13447.809,0.0,0.0,0.0,0.0
-2.0611656E8,-2.2299194E7,0.0,-1454.8821,13447.809,0.0,0.0,0.0,0.0
-2.05513888E8,-2.2901858E7,0.0,-1499.9862,13460.392,0.0,0.0,0.0,0.0
-2.04911184E8,-2.3504548E7,0.0,-1545.4105,13472.793,0.0,0.0,0.0,0.0
-2.0370584E8,-2.4107248E7,0.0,-1598.1243,13504.122,0.0,0.0,0.0,0.0
-2.0250048E8,-2.4709938E7,0.0,-1651.6445,13535.396,0.0,0.0,0.0,0.0
-2.01897808E8,-2.4709924E7,0.0,-1658.9354,13554.692,0.0,0.0,0.0,0.0
-2.01897808E8,-2.4709924E7,0.0,-1658.9354,13554.692,0.0,0.0,0.0,0.0
-2.01897808E8,-2.4709924E7,0.0,-1658.9354,13554.692,0.0,0.0,0.0,0.0
-2.01897808E8,-2.4709924E7,0.0,-1658.9354,13554.692,0.0,0.0,0.0,0.0
-2.0129512E8,-2.4709916E7,0.0,-1666.2802,13574.067,0.0,0.0,0.0,0.0
-2.0129512E8,-2.4709916E7,0.0,-1666.2802,13574.067,0.0,0.0,0.0,0.0
-2.0129512E8,-2.4709916E7,0.0,-1666.2802,13574.067,0.0,0.0,0.0,0.0
-2.00692432E8,-2.4709908E7,0.0,-1673.6791,13593.524,0.0,0.0,0.0,0.0
-2.00692432E8,-2.4709908E7,0.0,-1673.6791,13593.524,0.0,0.0,0.0,0.0
-2.0008976E8,-2.4709898E7,0.0,-1681.1324,13613.062,0.0,0.0,0.0,0.0
-2.0008976E8,-2.4709898E7,0.0,-1681.1324,13613.062,0.0,0.0,0.0,0.0
-2.0008976E8,-2.4709898E7,0.0,-1681.1324,13613.062,0.0,0.0,0.0,0.0
-2.0008976E8,-2.5312576E7,0.0,-1721.1779,13605.493,0.0,0.0,0.0,0.0
-2.0008976E8,-2.5312576E7,0.0,-1721.1779,13605.493,0.0,0.0,0.0,0.0
-1.99487072E8,-2.5915266E7,0.0,-1769.0114,13617.26,0.0,0.0,0.0,0.0
-1.99487072E8,-2.5915266E7,0.0,-1769.0114,13617.26,0.0,0.0,0.0,0.0
-1.988844E8,-2.591528E7,0.0,-1776.9249,13636.845,0.0,0.0,0.0,0.0
-1.988844E8,-2.591528E7,0.0,-1776.9249,13636.845,0.0,0.0,0.0,0.0
-1.988844E8,-2.591528E7,0.0,-1776.9249,13636.845,0.0,0.0,0.0,0.0
-1.988844E8,-2.591528E7,0.0,-1776.9249,13636.845,0.0,0.0,0.0,0.0
-1.988844E8,-2.591528E7,0.0,-1776.9249,13636.845,0.0,0.0,0.0,0.0
-1.98281728E8,-2.5915264E7,0.0,-1784.8955,13656.514,0.0,0.0,0.0,0.0
-1.98281728E8,-2.5915264E7,0.0,-1784.8955,13656.514,0.0,0.0,0.0,0.0
-1.98281728E8,-2.5915264E7,0.0,-1784.8955,13656.514,0.0,0.0,0.0,0.0
-1.98281728E8,-2.5915264E7,0.0,-1784.8955,13656.514,0.0,0.0,0.0,0.0
-1.97076368E8,-2.6517954E7,0.0,-1841.7972,13687.885,0.0,0.0,0.0,0.0
-1.97076368E8,-2.6517954E7,0.0,-1841.7972,13687.885,0.0,0.0,0.0,0.0
-1.95870992E8,-2.7723292E7,0.0,-1940.5603,13710.473,0.0,0.0,0.0,0.0
-1.95870992E8,-2.7723292E7,0.0,-1940.5603,13710.473,0.0,0.0,0.0,0.0
-1.95268304E8,-2.7723334E7,0.0,-1949.3766,13730.364,0.0,0.0,0.0,0.0
-1.95268304E8,-2.7723334E7,0.0,-1949.3766,13730.364,0.0,0.0,0.0,0.0
-1.95268304E8,-2.7723334E7,0.0,-1949.3766,13730.364,0.0,0.0,0.0,0.0
-1.95268304E8,-2.7723334E7,0.0,-1949.3766,13730.364,0.0,0.0,0.0,0.0
-1.95268304E8,-2.7723334E7,0.0,-1949.3766,13730.364,0.0,0.0,0.0,0.0
-1.95268304E8,-2.7723334E7,0.0,-1949.3766,13730.364,0.0,0.0,0.0,0.0
-1.9526832E8,-2.8326008E7,0.0,-1990.4575,13721.429,0.0,0.0,0.0,0.0
-1.9526832E8,-2.8326008E7,0.0,-1990.4575,13721.429,0.0,0.0,0.0,0.0
-1.94665632E8,-2.8325974E7,0.0,-1999.5143,13741.336,0.0,0.0,0.0,0.0
-1.94062976E8,-2.8325976E7,0.0,-2008.6415,13761.325,0.0,0.0,0.0,0.0
-1.93460272E8,-2.892867E7,0.0,-2059.3777,13772.075,0.0,0.0,0.0,0.0
-1.92254912E8,-2.9531354E7,0.0,-2120.1638,13802.684,0.0,0.0,0.0,0.0
-1.92254912E8,-2.9531354E7,0.0,-2120.1638,13802.684,0.0,0.0,0.0,0.0
-1.9165224E8,-3.0134044E7,0.0,-2171.852,13812.957,0.0,0.0,0.0,0.0
-1.9165224E8,-3.0736718E7,0.0,-2213.6704,13802.868,0.0,0.0,0.0,0.0
-1.91049552E8,-3.1339412E7,0.0,-2265.7983,13812.631,0.0,0.0,0.0,0.0
-1.90446864E8,-3.2544732E7,0.0,-2360.1667,13811.34,0.0,0.0,0.0,0.0
-1.89844192E8,-3.254475E7,0.0,-2371.0947,13831.373,0.0,0.0,0.0,0.0
-1.88638832E8,-3.43528E7,0.0,-2519.921,13837.443,0.0,0.0,0.0,0.0
-1.87433472E8,-3.5558132E7,0.0,-2628.1472,13853.449,0.0,0.0,0.0,0.0
-1.87433472E8,-3.5558132E7,0.0,-2628.1472,13853.449,0.0,0.0,0.0,0.0
-1.87433456E8,-3.616084E7,0.0,-2670.3164,13841.124,0.0,0.0,0.0,0.0
-1.87433456E8,-3.616084E7,0.0,-2670.3164,13841.124,0.0,0.0,0.0,0.0
-1.87433456E8,-3.616084E7,0.0,-2670.3164,13841.124,0.0,0.0,0.0,0.0
-1.87433488E8,-3.6763536E7,0.0,-2712.369,13828.614,0.0,0.0,0.0,0.0
-1.86830784E8,-3.6763524E7,0.0,-2725.0142,13848.415,0.0,0.0,0.0,0.0
-1.86830784E8,-3.6763524E7,0.0,-2725.0142,13848.415,0.0,0.0,0.0,0.0
-1.86830784E8,-3.6763524E7,0.0,-2725.0142,13848.415,0.0,0.0,0.0,0.0
-1.86830784E8,-3.6763524E7,0.0,-2725.0142,13848.415,0.0,0.0,0.0,0.0
-1.86830784E8,-3.6763524E7,0.0,-2725.0142,13848.415,0.0,0.0,0.0,0.0
-1.86830784E8,-3.6763524E7,0.0,-2725.0142,13848.415,0.0,0.0,0.0,0.0
-1.86830784E8,-3.6763524E7,0.0,-2725.0142,13848.415,0.0,0.0,0.0,0.0
-1.868308E8,-3.7366176E7,0.0,-2767.1274,13835.632,0.0,0.0,0.0,0.0
-1.868308E8,-3.7366176E7,0.0,-2767.1274,13835.632,0.0,0.0,0.0,0.0
-1.86830784E8,-3.8571548E7,0.0,-2851.001,13809.524,0.0,0.0,0.0,0.0
-1.86830784E8,-3.8571548E7,0.0,-2851.001,13809.524,0.0,0.0,0.0,0.0
-1.86228096E8,-3.8571532E7,0.0,-2864.2815,13829.104,0.0,0.0,0.0,0.0
-1.86228112E8,-3.9174256E7,0.0,-2906.2153,13815.682,0.0,0.0,0.0,0.0
-1.86228112E8,-3.9174256E7,0.0,-2906.2153,13815.682,0.0,0.0,0.0,0.0
-1.8562544E8,-3.9776916E7,0.0,-2961.759,13821.53,0.0,0.0,0.0,0.0
-1.85022752E8,-3.9776928E7,0.0,-2975.6038,13841.048,0.0,0.0,0.0,0.0
-1.85022752E8,-4.0379616E7,0.0,-3017.6365,13827.0625,0.0,0.0,0.0,0.0
-1.8321472E8,-4.0982272E7,0.0,-3102.78,13871.241,0.0,0.0,0.0,0.0
-1.82612016E8,-4.1584956E7,0.0,-3159.895,13876.048,0.0,0.0,0.0,0.0
-1.82009344E8,-4.2187624E7,0.0,-3217.3408,13880.518,0.0,0.0,0.0,0.0
-1.81406672E8,-4.2790328E7,0.0,-3275.1194,13884.6455,0.0,0.0,0.0,0.0
-1.80201312E8,-4.3995664E7,0.0,-3391.66,13891.858,0.0,0.0,0.0,0.0
-1.80201312E8,-4.3995664E7,0.0,-3391.66,13891.858,0.0,0.0,0.0,0.0
-1.79598624E8,-4.4598336E7,0.0,-3450.421,13894.932,0.0,0.0,0.0,0.0
-1.78995952E8,-4.459836E7,0.0,-3466.8447,13914.216,0.0,0.0,0.0,0.0
-1.78995952E8,-4.459836E7,0.0,-3466.8447,13914.216,0.0,0.0,0.0,0.0
-1.78995952E8,-4.459836E7,0.0,-3466.8447,13914.216,0.0,0.0,0.0,0.0
-1.7839328E8,-4.4598336E7,0.0,-3483.3926,13933.565,0.0,0.0,0.0,0.0
-1.7839328E8,-4.4598336E7,0.0,-3483.3926,13933.565,0.0,0.0,0.0,0.0
-1.78393264E8,-4.5201024E7,0.0,-3526.2344,13916.863,0.0,0.0,0.0,0.0
-1.78393264E8,-4.5201024E7,0.0,-3526.2344,13916.863,0.0,0.0,0.0,0.0
-1.77790576E8,-4.5201044E7,0.0,-3543.0925,13936.148,0.0,0.0,0.0,0.0
-1.77187904E8,-4.5803688E7,0.0,-3603.1138,13938.356,0.0,0.0,0.0,0.0
-1.76585232E8,-4.6406396E7,0.0,-3663.464,13940.184,0.0,0.0,0.0,0.0
-1.7598256E8,-4.6406388E7,0.0,-3681.0752,13959.394,0.0,0.0,0.0,0.0
-1.75379856E8,-4.700908E7,0.0,-3742.0623,13960.757,0.0,0.0,0.0,0.0
-1.75379856E8,-4.700908E7,0.0,-3742.0623,13960.757,0.0,0.0,0.0,0.0
-1.747772E8,-4.7611772E7,0.0,-3803.371,13961.726,0.0,0.0,0.0,0.0
-1.747772E8,-4.7611772E7,0.0,-3803.371,13961.726,0.0,0.0,0.0,0.0
-1.74174528E8,-4.8214424E7,0.0,-3864.9968,13962.295,0.0,0.0,0.0,0.0
-1.74174528E8,-4.8214424E7,0.0,-3864.9968,13962.295,0.0,0.0,0.0,0.0
-1.74174528E8,-4.8214424E7,0.0,-3864.9968,13962.295,0.0,0.0,0.0,0.0
-1.74174528E8,-4.8214424E7,0.0,-3864.9968,13962.295,0.0,0.0,0.0,0.0
-1.73571824E8,-4.8214436E7,0.0,-3883.704,13981.322,0.0,0.0,0.0,0.0
-1.73571824E8,-4.8214436E7,0.0,-3883.704,13981.322,0.0,0.0,0.0,0.0
-1.72366464E8,-4.8817124E7,0.0,-3965.149,14000.39,0.0,0.0,0.0,0.0
-1.71763792E8,-4.9419808E7,0.0,-4028.0598,13999.95,0.0,0.0,0.0,0.0
-1.71161104E8,-5.0022456E7,0.0,-4091.2837,13999.085,0.0,0.0,0.0,0.0
-1.71161104E8,-5.0022456E7,0.0,-4091.2837,13999.085,0.0,0.0,0.0,0.0
-1.71161104E8,-5.0625152E7,0.0,-4134.6636,13979.09,0.0,0.0,0.0,0.0
-1.70558416E8,-5.1227808E7,0.0,-4198.179,13977.463,0.0,0.0,0.0,0.0
-1.70558432E8,-5.1830528E7,0.0,-4241.3438,13956.966,0.0,0.0,0.0,0.0
-1.70558432E8,-5.1830528E7,0.0,-4241.3438,13956.966,0.0,0.0,0.0,0.0
-1.6995576E8,-5.1830512E7,0.0,-4262.003,13975.3955,0.0,0.0,0.0,0.0
-1.68750384E8,-5.1830508E7,0.0,-4303.8115,14012.401,0.0,0.0,0.0,0.0
-1.68147696E8,-5.243318E7,0.0,-4368.605,14009.656,0.0,0.0,0.0,0.0
-1.67545024E8,-5.3035864E7,0.0,-4433.6997,14006.452,0.0,0.0,0.0,0.0
-1.67545024E8,-5.3035864E7,0.0,-4433.6997,14006.452,0.0,0.0,0.0,0.0
-1.67545024E8,-5.3638544E7,0.0,-4477.094,13984.624,0.0,0.0,0.0,0.0
-1.67545024E8,-5.3638544E7,0.0,-4477.094,13984.624,0.0,0.0,0.0,0.0
-1.66942336E8,-5.3638568E7,0.0,-4499.0933,14002.782,0.0,0.0,0.0,0.0
-1.66942336E8,-5.3638568E7,0.0,-4499.0933,14002.782,0.0,0.0,0.0,0.0
-1.66942336E8,-5.3638568E7,0.0,-4499.0933,14002.782,0.0,0.0,0.0,0.0
-1.66942336E8,-5.3638568E7,0.0,-4499.0933,14002.782,0.0,0.0,0.0,0.0
-1.66339664E8,-5.3638556E7,0.0,-4521.2627,14020.984,0.0,0.0,0.0,0.0
-1.66339664E8,-5.3638556E7,0.0,-4521.2627,14020.984,0.0,0.0,0.0,0.0
-1.65736992E8,-5.3638536E7,0.0,-4543.607,14039.23,0.0,0.0,0.0,0.0
-1.6513432E8,-5.4241224E7,0.0,-4609.98,14034.82,0.0,0.0,0.0,0.0
-1.62723584E8,-5.54466E7,0.0,-4790.9185,14060.292,0.0,0.0,0.0,0.0
-1.6151824E8,-5.5446584E7,0.0,-4838.991,14096.187,0.0,0.0,0.0,0.0
-1.6151824E8,-5.5446584E7,0.0,-4838.991,14096.187,0.0,0.0,0.0,0.0
-1.60915536E8,-5.6049268E7,0.0,-4907.644,14089.68,0.0,0.0,0.0,0.0
-1.60915536E8,-5.6049268E7,0.0,-4907.644,14089.68,0.0,0.0,0.0,0.0
-1.6031288E8,-5.6049272E7,0.0,-4932.3296,14107.516,0.0,0.0,0.0,0.0
-1.6031288E8,-5.6049272E7,0.0,-4932.3296,14107.516,0.0,0.0,0.0,0.0
-1.6031288E8,-5.6049272E7,0.0,-4932.3296,14107.516,0.0,0.0,0.0,0.0
-1.6031288E8,-5.6049272E7,0.0,-4932.3296,14107.516,0.0,0.0,0.0,0.0
-1.6031288E8,-5.6049272E7,0.0,-4932.3296,14107.516,0.0,0.0,0.0,0.0
-1.6031288E8,-5.6049272E7,0.0,-4932.3296,14107.516,0.0,0.0,0.0,0.0
-1.6031288E8,-5.6049272E7,0.0,-4932.3296,14107.516,0.0,0.0,0.0,0.0
-1.6031288E8,-5.6049272E7,0.0,-4932.3296,14107.516,0.0,0.0,0.0,0.0
-1.59710192E8,-5.665194E7,0.0,-5001.6245,14100.32,0.0,0.0,0.0,0.0
-1.59710192E8,-5.665194E7,0.0,-5001.6245,14100.32,0.0,0.0,0.0,0.0
-1.59107504E8,-5.6651956E7,0.0,-5026.8735,14118.019,0.0,0.0,0.0,0.0
-1.58504832E8,-5.7254644E7,0.0,-5096.813,14110.112,0.0,0.0,0.0,0.0
-1.58504816E8,-5.7857312E7,0.0,-5141.048,14084.318,0.0,0.0,0.0,0.0
-1.5790216E8,-5.845998E7,0.0,-5211.161,14075.503,0.0,0.0,0.0,0.0
-1.57299488E8,-5.845998E7,0.0,-5237.504,14092.66,0.0,0.0,0.0,0.0
-1.57299488E8,-5.845998E7,0.0,-5237.504,14092.66,0.0,0.0,0.0,0.0
-1.57299488E8,-5.845998E7,0.0,-5237.504,14092.66,0.0,0.0,0.0,0.0
-1.57299488E8,-5.845998E7,0.0,-5237.504,14092.66,0.0,0.0,0.0,0.0
-1.57299488E8,-5.845998E7,0.0,-5237.504,14092.66,0.0,0.0,0.0,0.0
-1.56696784E8,-5.846E7,0.0,-5264.0586,14109.838,0.0,0.0,0.0,0.0
-1.56696784E8,-5.9062684E7,0.0,-5308.25,14083.101,0.0,0.0,0.0,0.0
-1.56696784E8,-5.9062684E7,0.0,-5308.25,14083.101,0.0,0.0,0.0,0.0
-1.56696784E8,-5.9062684E7,0.0,-5308.25,14083.101,0.0,0.0,0.0,0.0
-1.56696784E8,-5.9062684E7,0.0,-5308.25,14083.101,0.0,0.0,0.0,0.0
-1.56696784E8,-5.9062684E7,0.0,-5308.25,14083.101,0.0,0.0,0.0,0.0
-1.56696784E8,-5.9062684E7,0.0,-5308.25,14083.101,0.0,0.0,0.0,0.0
-1.56094096E8,-5.9062676E7,0.0,-5335.1714,14100.086,0.0,0.0,0.0,0.0
-1.56094096E8,-5.9062676E7,0.0,-5335.1714,14100.086,0.0,0.0,0.0,0.0
-1.56094096E8,-5.9062676E7,0.0,-5335.1714,14100.086,0.0,0.0,0.0,0.0
-1.56094096E8,-5.9062676E7,0.0,-5335.1714,14100.086,0.0,0.0,0.0,0.0
-1.56094096E8,-5.9062676E7,0.0,-5335.1714,14100.086,0.0,0.0,0.0,0.0
-1.56094096E8,-5.9062676E7,0.0,-5335.1714,14100.086,0.0,0.0,0.0,0.0
-1.56094096E8,-5.9062676E7,0.0,-5335.1714,14100.086,0.0,0.0,0.0,0.0
-1.55491424E8,-5.906266E7,0.0,-5362.3066,14117.087,0.0,0.0,0.0,0.0
-1.55491424E8,-5.906266E7,0.0,-5362.3066,14117.087,0.0,0.0,0.0,0.0
-1.55491424E8,-5.906266E7,0.0,-5362.3066,14117.087,0.0,0.0,0.0,0.0
-1.5549144E8,-5.9665356E7,0.0,-5406.5405,14089.764,0.0,0.0,0.0,0.0
-1.5549144E8,-5.9665356E7,0.0,-5406.5405,14089.764,0.0,0.0,0.0,0.0
-1.5549144E8,-5.9665356E7,0.0,-5406.5405,14089.764,0.0,0.0,0.0,0.0
-1.54888736E8,-6.026804E7,0.0,-5478.1636,14078.869,0.0,0.0,0.0,0.0
-1.54888736E8,-6.026804E7,0.0,-5478.1636,14078.869,0.0,0.0,0.0,0.0
-1.54888736E8,-6.026804E7,0.0,-5478.1636,14078.869,0.0,0.0,0.0,0.0
-1.54888736E8,-6.026804E7,0.0,-5478.1636,14078.869,0.0,0.0,0.0,0.0
-1.54888736E8,-6.026804E7,0.0,-5478.1636,14078.869,0.0,0.0,0.0,0.0
-1.54888736E8,-6.026804E7,0.0,-5478.1636,14078.869,0.0,0.0,0.0,0.0
-1.54888736E8,-6.026804E7,0.0,-5478.1636,14078.869,0.0,0.0,0.0,0.0
-1.54286064E8,-6.0870712E7,0.0,-5550.0303,14067.395,0.0,0.0,0.0,0.0
-1.54286064E8,-6.0870712E7,0.0,-5550.0303,14067.395,0.0,0.0,0.0,0.0
-1.54286064E8,-6.147338E7,0.0,-5593.7393,14039.183,0.0,0.0,0.0,0.0
-1.53683376E8,-6.1473392E7,0.0,-5622.138,14055.336,0.0,0.0,0.0,0.0
-1.53683376E8,-6.1473392E7,0.0,-5622.138,14055.336,0.0,0.0,0.0,0.0
-1.53683376E8,-6.1473392E7,0.0,-5622.138,14055.336,0.0,0.0,0.0,0.0
-1.53683392E8,-6.2076064E7,0.0,-5665.711,14026.754,0.0,0.0,0.0,0.0
-1.53683392E8,-6.2076064E7,0.0,-5665.711,14026.754,0.0,0.0,0.0,0.0
-1.5308072E8,-6.2678752E7,0.0,-5737.91,14013.735,0.0,0.0,0.0,0.0
-1.52478032E8,-6.2678748E7,0.0,-5767.0444,14029.4375,0.0,0.0,0.0,0.0
-1.52478032E8,-6.2678748E7,0.0,-5767.0444,14029.4375,0.0,0.0,0.0,0.0
-1.52478032E8,-6.2678748E7,0.0,-5767.0444,14029.4375,0.0,0.0,0.0,0.0
-1.5187536E8,-6.38841E7,0.0,-5882.9614,13985.903,0.0,0.0,0.0,0.0
-1.5187536E8,-6.4486784E7,0.0,-5925.8003,13956.085,0.0,0.0,0.0,0.0
-1.51272656E8,-6.5089456E7,0.0,-5998.476,13940.897,0.0,0.0,0.0,0.0
-1.51272672E8,-6.5692164E7,0.0,-6040.8564,13910.585,0.0,0.0,0.0,0.0
-1.5067E8,-6.629482E7,0.0,-6113.551,13894.429,0.0,0.0,0.0,0.0
-1.50669984E8,-6.6897488E7,0.0,-6155.456,13863.637,0.0,0.0,0.0,0.0
-1.50669984E8,-6.6897488E7,0.0,-6155.456,13863.637,0.0,0.0,0.0,0.0
-1.50669984E8,-6.6897488E7,0.0,-6155.456,13863.637,0.0,0.0,0.0,0.0
-1.50669984E8,-6.6897488E7,0.0,-6155.456,13863.637,0.0,0.0,0.0,0.0
-1.50669984E8,-6.6897488E7,0.0,-6155.456,13863.637,0.0,0.0,0.0,0.0
-1.50669984E8,-6.6897488E7,0.0,-6155.456,13863.637,0.0,0.0,0.0,0.0
-1.50669984E8,-6.6897488E7,0.0,-6155.456,13863.637,0.0,0.0,0.0,0.0
-1.50669984E8,-6.6897488E7,0.0,-6155.456,13863.637,0.0,0.0,0.0,0.0
-1.50669984E8,-6.6897488E7,0.0,-6155.456,13863.637,0.0,0.0,0.0,0.0
-1.50669984E8,-6.6897488E7,0.0,-6155.456,13863.637,0.0,0.0,0.0,0.0
-1.50669984E8,-6.6897488E7,0.0,-6155.456,13863.637,0.0,0.0,0.0,0.0
-1.50669984E8,-6.6897488E7,0.0,-6155.456,13863.637,0.0,0.0,0.0,0.0
-1.50669984E8,-6.6897488E7,0.0,-6155.456,13863.637,0.0,0.0,0.0,0.0
-1.50669984E8,-6.6897488E7,0.0,-6155.456,13863.637,0.0,0.0,0.0,0.0
-1.50669984E8,-6.6897488E7,0.0,-6155.456,13863.637,0.0,0.0,0.0,0.0
-1.50067296E8,-6.6897516E7,0.0,-6186.4287,13877.655,0.0,0.0,0.0,0.0
-1.50067296E8,-6.6897516E7,0.0,-6186.4287,13877.655,0.0,0.0,0.0,0.0
-1.50067296E8,-6.6897516E7,0.0,-6186.4287,13877.655,0.0,0.0,0.0,0.0
-1.50067296E8,-6.6897516E7,0.0,-6186.4287,13877.655,0.0,0.0,0.0,0.0
-1.49464624E8,-6.68975E7,0.0,-6217.6377,13891.652,0.0,0.0,0.0,0.0
-1.49464624E8,-6.68975E7,0.0,-6217.6377,13891.652,0.0,0.0,0.0,0.0
-1.49464624E8,-6.68975E7,0.0,-6217.6377,13891.652,0.0,0.0,0.0,0.0
-1.49464624E8,-6.68975E7,0.0,-6217.6377,13891.652,0.0,0.0,0.0,0.0
-1.49464624E8,-6.68975E7,0.0,-6217.6377,13891.652,0.0,0.0,0.0,0.0
-1.49464624E8,-6.68975E7,0.0,-6217.6377,13891.652,0.0,0.0,0.0,0.0
-1.49464624E8,-6.68975E7,0.0,-6217.6377,13891.652,0.0,0.0,0.0,0.0
-1.48861952E8,-6.6897528E7,0.0,-6249.091,13905.624,0.0,0.0,0.0,0.0
-1.48861952E8,-6.6897528E7,0.0,-6249.091,13905.624,0.0,0.0,0.0,0.0
-1.48259264E8,-6.6897504E7,0.0,-6280.7856,13919.572,0.0,0.0,0.0,0.0
-1.48259264E8,-6.6897504E7,0.0,-6280.7856,13919.572,0.0,0.0,0.0,0.0
-1.48259264E8,-6.6897504E7,0.0,-6280.7856,13919.572,0.0,0.0,0.0,0.0
-1.47656576E8,-6.689752E7,0.0,-6312.7295,13933.491,0.0,0.0,0.0,0.0
-1.47656576E8,-6.689752E7,0.0,-6312.7295,13933.491,0.0,0.0,0.0,0.0
-1.4705392E8,-6.8102872E7,0.0,-6429.2026,13882.521,0.0,0.0,0.0,0.0
-1.4705392E8,-6.8102872E7,0.0,-6429.2026,13882.521,0.0,0.0,0.0,0.0
-1.4705392E8,-6.8102872E7,0.0,-6429.2026,13882.521,0.0,0.0,0.0,0.0
-1.46451232E8,-6.870556E7,0.0,-6503.648,13863.03,0.0,0.0,0.0,0.0
-1.46451232E8,-6.870556E7,0.0,-6503.648,13863.03,0.0,0.0,0.0,0.0
-1.46451232E8,-6.870556E7,0.0,-6503.648,13863.03,0.0,0.0,0.0,0.0
-1.46451232E8,-6.870556E7,0.0,-6503.648,13863.03,0.0,0.0,0.0,0.0
-1.46451232E8,-6.870556E7,0.0,-6503.648,13863.03,0.0,0.0,0.0,0.0
-1.46451232E8,-6.870556E7,0.0,-6503.648,13863.03,0.0,0.0,0.0,0.0
-1.4584856E8,-6.8705552E7,0.0,-6536.678,13876.1,0.0,0.0,0.0,0.0
-1.4584856E8,-6.8705552E7,0.0,-6536.678,13876.1,0.0,0.0,0.0,0.0
-1.45848544E8,-6.930824E7,0.0,-6578.237,13842.889,0.0,0.0,0.0,0.0
-1.45848544E8,-6.930824E7,0.0,-6578.237,13842.889,0.0,0.0,0.0,0.0
-1.45848528E8,-6.9910912E7,0.0,-6619.47,13809.575,0.0,0.0,0.0,0.0
-1.45848528E8,-6.9910912E7,0.0,-6619.47,13809.575,0.0,0.0,0.0,0.0
-1.45848528E8,-6.9910912E7,0.0,-6619.47,13809.575,0.0,0.0,0.0,0.0
-1.45245872E8,-7.0513568E7,0.0,-6693.9673,13788.425,0.0,0.0,0.0,0.0
-1.45245872E8,-7.0513568E7,0.0,-6693.9673,13788.425,0.0,0.0,0.0,0.0
-1.45245872E8,-7.0513568E7,0.0,-6693.9673,13788.425,0.0,0.0,0.0,0.0
-1.45245872E8,-7.0513568E7,0.0,-6693.9673,13788.425,0.0,0.0,0.0,0.0
-1.446432E8,-7.1116256E7,0.0,-6768.588,13766.616,0.0,0.0,0.0,0.0
-1.44040528E8,-7.1116256E7,0.0,-6802.7856,13778.5205,0.0,0.0,0.0,0.0
-1.43437856E8,-7.1718944E7,0.0,-6877.869,13755.735,0.0,0.0,0.0,0.0
-1.4283512E8,-7.2321632E7,0.0,-6953.058,13732.28,0.0,0.0,0.0,0.0
-1.4223248E8,-7.2924304E7,0.0,-7028.335,13708.152,0.0,0.0,0.0,0.0
-1.4223248E8,-7.2924304E7,0.0,-7028.335,13708.152,0.0,0.0,0.0,0.0
-1.4223248E8,-7.2924304E7,0.0,-7028.335,13708.152,0.0,0.0,0.0,0.0
-1.4223248E8,-7.2924304E7,0.0,-7028.335,13708.152,0.0,0.0,0.0,0.0
-1.4223248E8,-7.2924304E7,0.0,-7028.335,13708.152,0.0,0.0,0.0,0.0
-1.4223248E8,-7.2924304E7,0.0,-7028.335,13708.152,0.0,0.0,0.0,0.0
-1.4223248E8,-7.3526992E7,0.0,-7068.1147,13672.74,0.0,0.0,0.0,0.0
-1.4223248E8,-7.3526992E7,0.0,-7068.1147,13672.74,0.0,0.0,0.0,0.0
-1.4223248E8,-7.3526992E7,0.0,-7068.1147,13672.74,0.0,0.0,0.0,0.0
-1.4223248E8,-7.3526992E7,0.0,-7068.1147,13672.74,0.0,0.0,0.0,0.0
-1.41629792E8,-7.3526976E7,0.0,-7103.6973,13683.348,0.0,0.0,0.0,0.0
-1.41629792E8,-7.3526976E7,0.0,-7103.6973,13683.348,0.0,0.0,0.0,0.0
-1.41629792E8,-7.3526976E7,0.0,-7103.6973,13683.348,0.0,0.0,0.0,0.0
-1.41629792E8,-7.3526976E7,0.0,-7103.6973,13683.348,0.0,0.0,0.0,0.0
-1.41629792E8,-7.3526976E7,0.0,-7103.6973,13683.348,0.0,0.0,0.0,0.0
-1.41629792E8,-7.3526976E7,0.0,-7103.6973,13683.348,0.0,0.0,0.0,0.0
-1.41629792E8,-7.3526976E7,0.0,-7103.6973,13683.348,0.0,0.0,0.0,0.0
-1.41629792E8,-7.3526976E7,0.0,-7103.6973,13683.348,0.0,0.0,0.0,0.0
-1.41629792E8,-7.3526976E7,0.0,-7103.6973,13683.348,0.0,0.0,0.0,0.0
-1.41629792E8,-7.3526976E7,0.0,-7103.6973,13683.348,0.0,0.0,0.0,0.0
-1.41629792E8,-7.3526976E7,0.0,-7103.6973,13683.348,0.0,0.0,0.0,0.0
-1.41629792E8,-7.3526976E7,0.0,-7103.6973,13683.348,0.0,0.0,0.0,0.0
-1.41629792E8,-7.3526976E7,0.0,-7103.6973,13683.348,0.0,0.0,0.0,0.0
-1.41629792E8,-7.412968E7,0.0,-7143.212,13647.592,0.0,0.0,0.0,0.0
-1.41629792E8,-7.412968E7,0.0,-7143.212,13647.592,0.0,0.0,0.0,0.0
-1.41629792E8,-7.412968E7,0.0,-7143.212,13647.592,0.0,0.0,0.0,0.0
-1.4102712E8,-7.4129664E7,0.0,-7179.1343,13657.86,0.0,0.0,0.0,0.0
-1.40424432E8,-7.4732336E7,0.0,-7254.636,13631.691,0.0,0.0,0.0,0.0
-1.40424432E8,-7.4732336E7,0.0,-7254.636,13631.691,0.0,0.0,0.0,0.0
-1.40424432E8,-7.4732336E7,0.0,-7254.636,13631.691,0.0,0.0,0.0,0.0
-1.40424432E8,-7.4732336E7,0.0,-7254.636,13631.691,0.0,0.0,0.0,0.0
-1.40424432E8,-7.4732336E7,0.0,-7254.636,13631.691,0.0,0.0,0.0,0.0
-1.39821728E8,-7.533504E7,0.0,-7330.1963,13604.835,0.0,0.0,0.0,0.0
-1.39821728E8,-7.533504E7,0.0,-7330.1963,13604.835,0.0,0.0,0.0,0.0
-1.39821744E8,-7.5937712E7,0.0,-7368.872,13568.074,0.0,0.0,0.0,0.0
-1.39219056E8,-7.5937688E7,0.0,-7405.797,13577.291,0.0,0.0,0.0,0.0
-1.39219056E8,-7.5937688E7,0.0,-7405.797,13577.291,0.0,0.0,0.0,0.0
-1.38616384E8,-7.65404E7,0.0,-7481.438,13549.053,0.0,0.0,0.0,0.0
-1.38013712E8,-7.714308E7,0.0,-7557.1025,13520.12,0.0,0.0,0.0,0.0
-1.38013712E8,-7.714308E7,0.0,-7557.1025,13520.12,0.0,0.0,0.0,0.0
-1.38013712E8,-7.714308E7,0.0,-7557.1025,13520.12,0.0,0.0,0.0,0.0
-1.38013712E8,-7.714308E7,0.0,-7557.1025,13520.12,0.0,0.0,0.0,0.0
-1.38013712E8,-7.714308E7,0.0,-7557.1025,13520.12,0.0,0.0,0.0,0.0
-1.38013712E8,-7.714308E7,0.0,-7557.1025,13520.12,0.0,0.0,0.0,0.0
-1.38013712E8,-7.714308E7,0.0,-7557.1025,13520.12,0.0,0.0,0.0,0.0
-1.38013712E8,-7.714308E7,0.0,-7557.1025,13520.12,0.0,0.0,0.0,0.0
-1.38013712E8,-7.714308E7,0.0,-7557.1025,13520.12,0.0,0.0,0.0,0.0
-1.38013712E8,-7.714308E7,0.0,-7557.1025,13520.12,0.0,0.0,0.0,0.0
-1.38013712E8,-7.714308E7,0.0,-7557.1025,13520.12,0.0,0.0,0.0,0.0
-1.38013712E8,-7.714308E7,0.0,-7557.1025,13520.12,0.0,0.0,0.0,0.0
-1.38013712E8,-7.714308E7,0.0,-7557.1025,13520.12,0.0,0.0,0.0,0.0
-1.3741104E8,-7.774576E7,0.0,-7632.7837,13490.493,0.0,0.0,0.0,0.0
-1.3741104E8,-7.774576E7,0.0,-7632.7837,13490.493,0.0,0.0,0.0,0.0
-1.3741104E8,-7.774576E7,0.0,-7632.7837,13490.493,0.0,0.0,0.0,0.0
-1.3741104E8,-7.774576E7,0.0,-7632.7837,13490.493,0.0,0.0,0.0,0.0
-1.3741104E8,-7.774576E7,0.0,-7632.7837,13490.493,0.0,0.0,0.0,0.0
-1.3741104E8,-7.774576E7,0.0,-7632.7837,13490.493,0.0,0.0,0.0,0.0
-1.3741104E8,-7.774576E7,0.0,-7632.7837,13490.493,0.0,0.0,0.0,0.0
-1.3741104E8,-7.774576E7,0.0,-7632.7837,13490.493,0.0,0.0,0.0,0.0
-1.3741104E8,-7.774576E7,0.0,-7632.7837,13490.493,0.0,0.0,0.0,0.0
-1.3741104E8,-7.774576E7,0.0,-7632.7837,13490.493,0.0,0.0,0.0,0.0
-1.3741104E8,-7.774576E7,0.0,-7632.7837,13490.493,0.0,0.0,0.0,0.0
-1.3741104E8,-7.774576E7,0.0,-7632.7837,13490.493,0.0,0.0,0.0,0.0
-1.3741104E8,-7.774576E7,0.0,-7632.7837,13490.493,0.0,0.0,0.0,0.0
-1.3741104E8,-7.774576E7,0.0,-7632.7837,13490.493,0.0,0.0,0.0,0.0
-1.3741104E8,-7.774576E7,0.0,-7632.7837,13490.493,0.0,0.0,0.0,0.0
-1.3741104E8,-7.774576E7,0.0,-7632.7837,13490.493,0.0,0.0,0.0,0.0
-1.3741104E8,-7.774576E7,0.0,-7632.7837,13490.493,0.0,0.0,0.0,0.0
-1.3741104E8,-7.774576E7,0.0,-7632.7837,13490.493,0.0,0.0,0.0,0.0
-1.3741104E8,-7.774576E7,0.0,-7632.7837,13490.493,0.0,0.0,0.0,0.0
-1.3741104E8,-7.774576E7,0.0,-7632.7837,13490.493,0.0,0.0,0.0,0.0
-1.3741104E8,-7.774576E7,0.0,-7632.7837,13490.493,0.0,0.0,0.0,0.0
-1.3741104E8,-7.774576E7,0.0,-7632.7837,13490.493,0.0,0.0,0.0,0.0
-1.3741104E8,-7.774576E7,0.0,-7632.7837,13490.493,0.0,0.0,0.0,0.0
