5.4843908E7,-2.51317568E8,0.0,-11864.057,-2589.0398,0.0,0.0,0.0,0.0
5.243316E7,-2.50112208E8,0.0,-11923.988,-2499.7275,0.0,0.0,0.0,0.0
5.0625112E7,-2.49509536E8,0.0,-11962.284,-2427.1296,0.0,0.0,0.0,0.0
4.9419828E7,-2.49509504E8,0.0,-11979.002,-2372.656,0.0,0.0,0.0,0.0
4.76117E7,-2.48906848E8,0.0,-12016.41,-2298.5376,0.0,0.0,0.0,0.0
4.5803796E7,-2.47701456E8,0.0,-12066.534,-2231.287,0.0,0.0,0.0,0.0
4.4598352E7,-2.470988E8,0.0,-12095.433,-2183.0796,0.0,0.0,0.0,0.0
4.1584932E7,-2.46496128E8,0.0,-12146.53,-2049.171,0.0,0.0,0.0,0.0
4.1584932E7,-2.46496128E8,0.0,-12146.53,-2049.171,0.0,0.0,0.0,0.0
3.9776892E7,-2.45290752E8,0.0,-12195.595,-1977.6647,0.0,0.0,0.0,0.0
3.9174284E7,-2.45290736E8,0.0,-12202.646,-1948.8301,0.0,0.0,0.0,0.0
3.8571544E7,-2.45290768E8,0.0,-12209.602,-1919.9386,0.0,0.0,0.0,0.0
4.76117E7,-2.48906848E8,0.0,-12016.41,-2298.5376,0.0,0.0,0.0,0.0
4.0379596E7,-2.47098784E8,0.0,-12147.274,-1985.0443,0.0,0.0,0.0,0.0
3.6763484E7,-2.4468808E8,0.0,-12243.929,-1839.6052,0.0,0.0,0.0,0.0
3.6763484E7,-2.4468808E8,0.0,-12243.929,-1839.6052,0.0,0.0,0.0,0.0
3.4955444E7,-2.42880048E8,0.0,-12306.216,-1771.1182,0.0,0.0,0.0,0.0
3.3147414E7,-2.4348272E8,0.0,-12310.695,-1675.9615,0.0,0.0,0.0,0.0
3.0736788E7,-2.42880032E8,0.0,-12348.868,-1562.7655,0.0,0.0,0.0,0.0
3.0736788E7,-2.42880032E8,0.0,-12348.868,-1562.7655,0.0,0.0,0.0,0.0
3.0736788E7,-2.42880032E8,0.0,-12348.868,-1562.7655,0.0,0.0,0.0,0.0
2.8928654E7,-2.41674688E8,0.0,-12395.0625,-1483.699,0.0,0.0,0.0,0.0
2.5915314E7,-2.41072E8,0.0,-12436.046,-1336.8787,0.0,0.0,0.0,0.0
2.5312558E7,-2.41071984E8,0.0,-12440.947,-1306.2994,0.0,0.0,0.0,0.0
2.5312558E7,-2.41071984E8,0.0,-12440.947,-1306.2994,0.0,0.0,0.0,0.0
2.712065E7,-2.42277344E8,0.0,-12396.118,-1387.6278,0.0,0.0,0.0,0.0
2.712065E7,-2.42277344E8,0.0,-12396.118,-1387.6278,0.0,0.0,0.0,0.0
3.0134076E7,-2.43482704E8,0.0,-12339.935,-1527.2235,0.0,0.0,0.0,0.0
3.0134076E7,-2.43482704E8,0.0,-12339.935,-1527.2235,0.0,0.0,0.0,0.0
2.5312558E7,-2.41071984E8,0.0,-12440.947,-1306.2994,0.0,0.0,0.0,0.0
2.350456E7,-2.40469344E8,0.0,-12470.137,-1218.8875,0.0,0.0,0.0,0.0
2.2901826E7,-2.40469344E8,0.0,-12474.62,-1188.0582,0.0,0.0,0.0,0.0
2.0491122E7,-2.3866128E8,0.0,-12537.615,-1076.462,0.0,0.0,0.0,0.0
1.9888486E7,-2.39263952E8,0.0,-12526.125,-1041.2168,0.0,0.0,0.0,0.0
1.5669753E7,-2.37455904E8,0.0,-12597.704,-831.32446,0.0,0.0,0.0,0.0
1.5669753E7,-2.37455904E8,0.0,-12597.704,-831.32446,0.0,0.0,0.0,0.0
1.9888466E7,-2.38661264E8,0.0,-12541.6045,-1045.1351,0.0,0.0,0.0,0.0
1.8080374E7,-2.3866128E8,0.0,-12552.875,-950.97406,0.0,0.0,0.0,0.0
1.7477764E7,-2.3866128E8,0.0,-12556.397,-919.53644,0.0,0.0,0.0,0.0
1.7477764E7,-2.3866128E8,0.0,-12556.397,-919.53644,0.0,0.0,0.0,0.0
2.0491122E7,-2.40469344E8,0.0,-12491.419,-1064.4318,0.0,0.0,0.0,0.0
1.3861653E7,-2.38058624E8,0.0,-12590.814,-733.13666,0.0,0.0,0.0,0.0
1.3861653E7,-2.38058624E8,0.0,-12590.814,-733.13666,0.0,0.0,0.0,0.0
1.2053702E7,-2.37455904E8,0.0,-12614.455,-640.3331,0.0,0.0,0.0,0.0
1.1450906E7,-2.36853232E8,0.0,-12632.757,-610.7432,0.0,0.0,0.0,0.0
1.0245566E7,-2.3625056E8,0.0,-12653.184,-548.7353,0.0,0.0,0.0,0.0
1.0245566E7,-2.3625056E8,0.0,-12653.184,-548.7353,0.0,0.0,0.0,0.0
8437514.0,-2.35045184E8,0.0,-12691.212,-455.58167,0.0,0.0,0.0,0.0
8437514.0,-2.35045184E8,0.0,-12691.212,-455.58167,0.0,0.0,0.0,0.0
7232229.5,-2.350452E8,0.0,-12694.462,-390.6026,0.0,0.0,0.0,0.0
7232229.5,-2.350452E8,0.0,-12694.462,-390.6026,0.0,0.0,0.0,0.0
7232229.5,-2.350452E8,0.0,-12694.462,-390.6026,0.0,0.0,0.0,0.0
5424209.0,-2.35045184E8,0.0,-12698.403,-293.0449,0.0,0.0,0.0,0.0
5424209.0,-2.35045184E8,0.0,-12698.403,-293.0449,0.0,0.0,0.0,0.0
4218776.0,-2.34442528E8,0.0,-12716.704,-228.83615,0.0,0.0,0.0,0.0
4218776.0,-2.34442528E8,0.0,-12716.704,-228.83615,0.0,0.0,0.0,0.0
4218776.0,-2.34442528E8,0.0,-12716.704,-228.83615,0.0,0.0,0.0,0.0
4218776.0,-2.34442528E8,0.0,-12716.704,-228.83615,0.0,0.0,0.0,0.0
4218776.0,-2.34442528E8,0.0,-12716.704,-228.83615,0.0,0.0,0.0,0.0
2410794.5,-2.3383984E8,0.0,-12735.158,-131.29434,0.0,0.0,0.0,0.0
1205366.6,-2.3383984E8,0.0,-12735.92,-65.64943,0.0,0.0,0.0,0.0
602680.6,-2.33839824E8,0.0,-12736.109,-32.82506,0.0,0.0,0.0,0.0
-602675.1,-2.33839824E8,0.0,-12736.109,32.82476,0.0,0.0,0.0,0.0
-602675.1,-2.33839824E8,0.0,-12736.109,32.82476,0.0,0.0,0.0,0.0
-602675.1,-2.33839824E8,0.0,-12736.109,32.82476,0.0,0.0,0.0,0.0
-2410676.5,-2.3263448E8,0.0,-12768.098,132.30951,0.0,0.0,0.0,0.0
-2410676.5,-2.3263448E8,0.0,-12768.098,132.30951,0.0,0.0,0.0,0.0
-2410676.5,-2.3263448E8,0.0,-12768.098,132.30951,0.0,0.0,0.0,0.0
-4218775.5,-2.32031808E8,0.0,-12782.53,232.41049,0.0,0.0,0.0,0.0
-4218775.5,-2.32031808E8,0.0,-12782.53,232.41049,0.0,0.0,0.0,0.0
-5424072.5,-2.32031808E8,0.0,-12780.461,298.76138,0.0,0.0,0.0,0.0
-6629440.0,-2.32031792E8,0.0,-12777.877,365.08002,0.0,0.0,0.0,0.0
-7834834.0,-2.32031808E8,0.0,-12774.776,431.3557,0.0,0.0,0.0,0.0
-7232082.5,-2.3142912E8,0.0,-12792.968,399.77594,0.0,0.0,0.0,0.0
-7834812.5,-2.31429136E8,0.0,-12791.342,433.03867,0.0,0.0,0.0,0.0
-1.0245533E7,-2.30223744E8,0.0,-12816.773,570.37854,0.0,0.0,0.0,0.0
-1.2656254E7,-2.29621088E8,0.0,-12823.433,706.8019,0.0,0.0,0.0,0.0
-1.3258949E7,-2.29621072E8,0.0,-12820.594,740.29614,0.0,0.0,0.0,0.0
-1.3861614E7,-2.290184E8,0.0,-12834.293,776.811,0.0,0.0,0.0,0.0
-1.5066998E7,-2.290184E8,0.0,-12827.921,843.9421,0.0,0.0,0.0,0.0
-1.1450937E7,-2.29621072E8,0.0,-12828.72,639.7534,0.0,0.0,0.0,0.0
-1.8683094E7,-2.28415728E8,0.0,-12822.224,1048.7843,0.0,0.0,0.0,0.0
-1.868301E7,-2.27813056E8,0.0,-12838.833,1052.9161,0.0,0.0,0.0,0.0
-1.8080388E7,-2.29621072E8,0.0,-12793.198,1007.33777,0.0,0.0,0.0,0.0
-1.627234E7,-2.290184E8,0.0,-12821.026,910.9665,0.0,0.0,0.0,0.0
-2.0491068E7,-2.27813056E8,0.0,-12825.795,1153.6399,0.0,0.0,0.0,0.0
-2.169646E7,-2.2781304E8,0.0,-12816.453,1220.6134,0.0,0.0,0.0,0.0
-2.169646E7,-2.2781304E8,0.0,-12816.453,1220.6134,0.0,0.0,0.0,0.0
-2.4709834E7,-2.27210352E8,0.0,-12807.205,1392.8235,0.0,0.0,0.0,0.0
-2.4709834E7,-2.27210352E8,0.0,-12807.205,1392.8235,0.0,0.0,0.0,0.0
-2.5915188E7,-2.27210384E8,0.0,-12795.996,1459.4872,0.0,0.0,0.0,0.0
-2.7120514E7,-2.26607696E8,0.0,-12800.548,1531.9753,0.0,0.0,0.0,0.0
-2.8325906E7,-2.25402336E8,0.0,-12820.804,1611.1674,0.0,0.0,0.0,0.0
-3.0133968E7,-2.2540232E8,0.0,-12801.146,1711.3815,0.0,0.0,0.0,0.0
-3.1339334E7,-2.2540232E8,0.0,-12787.407,1777.9266,0.0,0.0,0.0,0.0
-3.25447E7,-2.2540232E8,0.0,-12773.166,1844.2528,0.0,0.0,0.0,0.0
-3.3147408E7,-2.2540232E8,0.0,-12765.857,1877.3325,0.0,0.0,0.0,0.0
-3.3147408E7,-2.2540232E8,0.0,-12765.857,1877.3325,0.0,0.0,0.0,0.0
-3.495538E7,-2.25402336E8,0.0,-12743.191,1976.2133,0.0,0.0,0.0,0.0
-3.495538E7,-2.25402336E8,0.0,-12743.191,1976.2133,0.0,0.0,0.0,0.0
-3.3750028E7,-2.24196976E8,0.0,-12790.409,1925.4349,0.0,0.0,0.0,0.0
-3.6160728E7,-2.23594304E8,0.0,-12774.919,2066.0203,0.0,0.0,0.0,0.0
-3.8571476E7,-2.22991632E8,0.0,-12757.086,2206.6282,0.0,0.0,0.0,0.0
-4.037956E7,-2.22388912E8,0.0,-12746.072,2314.3276,0.0,0.0,0.0,0.0
-4.2790268E7,-2.22388928E8,0.0,-12708.684,2445.3015,0.0,0.0,0.0,0.0
-4.520096E7,-2.21183568E8,0.0,-12699.749,2595.3145,0.0,0.0,0.0,0.0
-4.1584884E7,-2.22388912E8,0.0,-12727.618,2379.9592,0.0,0.0,0.0,0.0
-4.21876E7,-2.229916E8,0.0,-12702.798,2403.232,0.0,0.0,0.0,0.0
-4.3995564E7,-2.229916E8,0.0,-12674.052,2500.5518,0.0,0.0,0.0,0.0
-4.3995544E7,-2.22388928E8,0.0,-12689.278,2510.3394,0.0,0.0,0.0,0.0
-3.9776836E7,-2.22388944E8,0.0,-12755.12,2281.401,0.0,0.0,0.0,0.0
-3.6160812E7,-2.22388912E8,0.0,-12806.832,2082.4124,0.0,0.0,0.0,0.0
-3.555806E7,-2.22388944E8,0.0,-12815.017,2049.01,0.0,0.0,0.0,0.0
-3.555806E7,-2.22388944E8,0.0,-12815.017,2049.01,0.0,0.0,0.0,0.0
-3.555806E7,-2.22388944E8,0.0,-12815.017,2049.01,0.0,0.0,0.0,0.0
-4.037956E7,-2.22388912E8,0.0,-12746.072,2314.3276,0.0,0.0,0.0,0.0
-4.5803672E7,-2.22388928E8,0.0,-12659.294,2607.3337,0.0,0.0,0.0,0.0
-4.7611648E7,-2.22388944E8,0.0,-12628.278,2703.6108,0.0,0.0,0.0,0.0
-5.0022352E7,-2.22388928E8,0.0,-12585.351,2830.8464,0.0,0.0,0.0,0.0
-5.3035796E7,-2.20580896E8,0.0,-12572.121,3022.8022,0.0,0.0,0.0,0.0
-5.1830428E7,-2.2058088E8,0.0,-12595.329,2959.5552,0.0,0.0,0.0,0.0
-5.0022356E7,-2.21786256E8,0.0,-12599.963,2841.8345,0.0,0.0,0.0,0.0
-4.7009E7,-2.2178624E8,0.0,-12653.683,2682.0283,0.0,0.0,0.0,0.0
-5.0022356E7,-2.21786256E8,0.0,-12599.963,2841.8345,0.0,0.0,0.0,0.0
-5.3035796E7,-2.20580896E8,0.0,-12572.121,3022.8022,0.0,0.0,0.0,0.0
-5.4241144E7,-2.19978224E8,0.0,-12562.715,3097.652,0.0,0.0,0.0,0.0
-5.4241144E7,-2.19978224E8,0.0,-12562.715,3097.652,0.0,0.0,0.0,0.0
-5.002236E7,-2.19978208E8,0.0,-12644.061,2875.22,0.0,0.0,0.0,0.0
-5.3035764E7,-2.19375552E8,0.0,-12600.922,3046.372,0.0,0.0,0.0,0.0
-5.6651896E7,-2.1937552E8,0.0,-12527.83,3235.2073,0.0,0.0,0.0,0.0
-6.0267936E7,-2.18170192E8,0.0,-12478.071,3446.977,0.0,0.0,0.0,0.0
-6.207598E7,-2.18170176E8,0.0,-12437.815,3538.9326,0.0,0.0,0.0,0.0
-5.5446476E7,-2.18772864E8,0.0,-12566.775,3184.963,0.0,0.0,0.0,0.0
-5.5446476E7,-2.18772864E8,0.0,-12566.775,3184.963,0.0,0.0,0.0,0.0
-5.906264E7,-2.18772816E8,0.0,-12490.694,3372.1436,0.0,0.0,0.0,0.0
-5.3638496E7,-2.18772848E8,0.0,-12603.393,3090.0864,0.0,0.0,0.0,0.0
-4.881704E7,-2.2178624E8,0.0,-12621.786,2778.1626,0.0,0.0,0.0,0.0
-6.3884064E7,-2.169648E8,0.0,-12422.875,3657.8457,0.0,0.0,0.0,0.0
-6.6897424E7,-2.16964816E8,0.0,-12351.576,3808.3994,0.0,0.0,0.0,0.0
-6.6897424E7,-2.16964816E8,0.0,-12351.576,3808.3994,0.0,0.0,0.0,0.0
-6.5692068E7,-2.18170192E8,0.0,-12354.702,3720.0588,0.0,0.0,0.0,0.0
-6.5692068E7,-2.18170192E8,0.0,-12354.702,3720.0588,0.0,0.0,0.0,0.0
-6.9910816E7,-2.17567504E8,0.0,-12265.775,3941.353,0.0,0.0,0.0,0.0
-7.0513552E7,-2.169648E8,0.0,-12263.027,3985.4832,0.0,0.0,0.0,0.0
-7.0513552E7,-2.169648E8,0.0,-12263.027,3985.4832,0.0,0.0,0.0,0.0
-7.2321616E7,-2.16362112E8,0.0,-12229.475,4087.8477,0.0,0.0,0.0,0.0
-7.41296E7,-2.1575944E8,0.0,-12194.6455,4189.7783,0.0,0.0,0.0,0.0
-7.41296E7,-2.1575944E8,0.0,-12194.6455,4189.7783,0.0,0.0,0.0,0.0
-7.5334968E7,-2.15759456E8,0.0,-12163.083,4246.8843,0.0,0.0,0.0,0.0
-7.7143E7,-2.15759472E8,0.0,-12115.151,4331.6714,0.0,0.0,0.0,0.0
-7.83484E7,-2.15156752E8,0.0,-12093.798,4403.904,0.0,0.0,0.0,0.0
-7.8950984E7,-2.15156784E8,0.0,-12077.426,4431.766,0.0,0.0,0.0,0.0
-8.136172E7,-2.14554128E8,0.0,-12021.718,4558.7925,0.0,0.0,0.0,0.0
-8.136172E7,-2.14554128E8,0.0,-12021.718,4558.7925,0.0,0.0,0.0,0.0
-8.136172E7,-2.14554128E8,0.0,-12021.718,4558.7925,0.0,0.0,0.0,0.0
-8.136172E7,-2.14554128E8,0.0,-12021.718,4558.7925,0.0,0.0,0.0,0.0
-8.1964456E7,-2.14554096E8,0.0,-12004.888,4586.1353,0.0,0.0,0.0,0.0
-8.2567104E7,-2.13951408E8,0.0,-11998.316,4630.333,0.0,0.0,0.0,0.0
-8.3169808E7,-2.13951408E8,0.0,-11981.254,4657.499,0.0,0.0,0.0,0.0
-8.3169808E7,-2.13951408E8,0.0,-11981.254,4657.499,0.0,0.0,0.0,0.0
-8.3169808E7,-2.13951408E8,0.0,-11981.254,4657.499,0.0,0.0,0.0,0.0
-6.8705464E7,-2.17567504E8,0.0,-12295.29,3882.7197,0.0,0.0,0.0,0.0
-6.8705464E7,-2.17567504E8,0.0,-12295.29,3882.7197,0.0,0.0,0.0,0.0
-7.1116152E7,-2.17567488E8,0.0,-12235.917,3999.5469,0.0,0.0,0.0,0.0
1.6875038E7,-2.37455936E8,0.0,-12591.163,-894.80334,0.0,0.0,0.0,0.0
1.6875038E7,-2.37455936E8,0.0,-12591.163,-894.80334,0.0,0.0,0.0,0.0
1.687505E7,-2.34442512E8,0.0,-12670.59,-912.02246,0.0,0.0,0.0,0.0
1.6875046E7,-2.3383984E8,0.0,-12686.654,-915.53204,0.0,0.0,0.0,0.0
1.6875038E7,-2.32634496E8,0.0,-12718.965,-922.61914,0.0,0.0,0.0,0.0
1.6875116E7,-2.30826416E8,0.0,-12767.893,-933.4273,0.0,0.0,0.0,0.0
1.6875116E7,-2.30826416E8,0.0,-12767.893,-933.4273,0.0,0.0,0.0,0.0
1.6875116E7,-2.30826416E8,0.0,-12767.893,-933.4273,0.0,0.0,0.0,0.0
1.6272407E7,-2.2781304E8,0.0,-12854.386,-918.1731,0.0,0.0,0.0,0.0
1.6272437E7,-2.2660768E8,0.0,-12888.004,-925.4727,0.0,0.0,0.0,0.0
1.6272437E7,-2.2660768E8,0.0,-12888.004,-925.4727,0.0,0.0,0.0,0.0
1.6272419E7,-2.25402304E8,0.0,-12921.884,-932.86676,0.0,0.0,0.0,0.0
1.6272435E7,-2.23594272E8,0.0,-12973.205,-944.146,0.0,0.0,0.0,0.0
1.5669684E7,-2.22388912E8,0.0,-13011.535,-916.8022,0.0,0.0,0.0,0.0
1.5669725E7,-2.19375504E8,0.0,-13099.253,-935.66364,0.0,0.0,0.0,0.0
1.5669725E7,-2.19375504E8,0.0,-13099.253,-935.66364,0.0,0.0,0.0,0.0
1.5669685E7,-2.1817016E8,0.0,-13134.835,-943.3862,0.0,0.0,0.0,0.0
1.5669685E7,-2.1817016E8,0.0,-13134.835,-943.3862,0.0,0.0,0.0,0.0
1.5669737E7,-2.16964784E8,0.0,-13170.705,-951.2211,0.0,0.0,0.0,0.0
1.5669667E7,-2.16362112E8,0.0,-13188.75,-955.1733,0.0,0.0,0.0,0.0
1.5669667E7,-2.16362112E8,0.0,-13188.75,-955.1733,0.0,0.0,0.0,0.0
1.5669667E7,-2.16362112E8,0.0,-13188.75,-955.1733,0.0,0.0,0.0,0.0
1.5669735E7,-2.13951392E8,0.0,-13261.668,-971.2806,0.0,0.0,0.0,0.0
1.5669678E7,-2.12746032E8,0.0,-13298.579,-979.49866,0.0,0.0,0.0,0.0
1.5669678E7,-2.12746032E8,0.0,-13298.579,-979.49866,0.0,0.0,0.0,0.0
1.5067093E7,-2.09732624E8,0.0,-13396.413,-962.39197,0.0,0.0,0.0,0.0
1.5067093E7,-2.09732624E8,0.0,-13396.413,-962.39197,0.0,0.0,0.0,0.0
1.44643E7,-2.0732192E8,0.0,-13477.024,-940.2562,0.0,0.0,0.0,0.0
1.6272464E7,-2.36853232E8,0.0,-12610.28,-866.36066,0.0,0.0,0.0,0.0
1.5669731E7,-2.35045184E8,0.0,-12661.294,-844.0891,0.0,0.0,0.0,0.0
1.6875058E7,-2.350452E8,0.0,-12654.585,-908.53534,0.0,0.0,0.0,0.0
1.5067037E7,-2.22388912E8,0.0,-13015.173,-881.78894,0.0,0.0,0.0,0.0
1.5067011E7,-2.20580896E8,0.0,-13067.669,-892.60095,0.0,0.0,0.0,0.0
1.5669729E7,-2.06116544E8,0.0,-13507.179,-1026.8649,0.0,0.0,0.0,0.0
1.5669729E7,-2.06116544E8,0.0,-13507.179,-1026.8649,0.0,0.0,0.0,0.0
1.5669688E7,-2.049112E8,0.0,-13546.161,-1035.8834,0.0,0.0,0.0,0.0
1.4464386E7,-2.03103168E8,0.0,-13614.196,-969.56146,0.0,0.0,0.0,0.0
1.4464386E7,-2.03103168E8,0.0,-13614.196,-969.56146,0.0,0.0,0.0,0.0
1.4464349E7,-1.99487088E8,0.0,-13735.133,-995.9029,0.0,0.0,0.0,0.0
1.44644E7,-1.97679024E8,0.0,-13796.81,-1009.5283,0.0,0.0,0.0,0.0
1.44644E7,-1.97679024E8,0.0,-13796.81,-1009.5283,0.0,0.0,0.0,0.0
1.4464365E7,-1.9647368E8,0.0,-13838.386,-1018.78,0.0,0.0,0.0,0.0
1.4464321E7,-1.95870992E8,0.0,-13859.314,-1023.4572,0.0,0.0,0.0,0.0
1.4464349E7,-1.94665632E8,0.0,-13901.453,-1032.9274,0.0,0.0,0.0,0.0
1.4464349E7,-1.94665632E8,0.0,-13901.453,-1032.9274,0.0,0.0,0.0,0.0
1.3861654E7,-1.93460272E8,0.0,-13948.721,-999.4421,0.0,0.0,0.0,0.0
1.3258991E7,-1.92857616E8,0.0,-13974.746,-960.766,0.0,0.0,0.0,0.0
1.3259005E7,-1.92254912E8,0.0,-13996.322,-965.26697,0.0,0.0,0.0,0.0
1.3861721E7,-1.9165224E8,0.0,-14013.344,-1013.5497,0.0,0.0,0.0,0.0
1.446431E7,-1.91652256E8,0.0,-14008.487,-1057.2435,0.0,0.0,0.0,0.0
1.4464308E7,-1.9044688E8,0.0,-14051.99,-1067.2389,0.0,0.0,0.0,0.0
1.3258973E7,-1.87433472E8,0.0,-14172.575,-1002.56256,0.0,0.0,0.0,0.0
1.3258939E7,-1.86228144E8,0.0,-14217.678,-1012.2602,0.0,0.0,0.0,0.0
1.3258958E7,-1.85022752E8,0.0,-14263.21,-1022.1192,0.0,0.0,0.0,0.0
1.3259011E7,-1.83817392E8,0.0,-14309.175,-1032.1411,0.0,0.0,0.0,0.0
1.2656274E7,-1.8200936E8,0.0,-14384.018,-1000.21265,0.0,0.0,0.0,0.0
1.2656318E7,-1.80803984E8,0.0,-14431.1875,-1010.1863,0.0,0.0,0.0,0.0
1.2656358E7,-1.78995936E8,0.0,-14502.8125,-1025.4579,0.0,0.0,0.0,0.0
1.2656319E7,-1.78393264E8,0.0,-14526.923,-1030.6295,0.0,0.0,0.0,0.0
1.2656336E7,-1.77790592E8,0.0,-14551.152,-1035.8494,0.0,0.0,0.0,0.0
1.2656346E7,-1.76585232E8,0.0,-14599.975,-1046.4202,0.0,0.0,0.0,0.0
1.2053614E7,-1.75379872E8,0.0,-14654.58,-1007.1888,0.0,0.0,0.0,0.0
1.1450962E7,-1.74777184E8,0.0,-14684.551,-962.09485,0.0,0.0,0.0,0.0
1.1450962E7,-1.74777184E8,0.0,-14684.551,-962.09485,0.0,0.0,0.0,0.0
1.1450958E7,-1.73571856E8,0.0,-14734.791,-972.0901,0.0,0.0,0.0,0.0
1.1450933E7,-1.72366496E8,0.0,-14785.549,-982.2578,0.0,0.0,0.0,0.0
1.2053632E7,-1.70558432E8,0.0,-14857.266,-1049.9863,0.0,0.0,0.0,0.0
1.2656293E7,-1.69353088E8,0.0,-14903.477,-1113.784,0.0,0.0,0.0,0.0
1.2656325E7,-1.687504E8,0.0,-14929.62,-1119.7255,0.0,0.0,0.0,0.0
1.2656309E7,-1.6754504E8,0.0,-14982.32,-1131.7606,0.0,0.0,0.0,0.0
1.2656358E7,-1.6633968E8,0.0,-15035.575,-1144.0182,0.0,0.0,0.0,0.0
1.2656281E7,-1.6513432E8,0.0,-15089.3955,-1156.4866,0.0,0.0,0.0,0.0
1.2656333E7,-1.64531616E8,0.0,-15116.521,-1162.8143,0.0,0.0,0.0,0.0
1.1450954E7,-1.63326272E8,0.0,-15183.54,-1064.5317,0.0,0.0,0.0,0.0
1.1450954E7,-1.63326272E8,0.0,-15183.54,-1064.5317,0.0,0.0,0.0,0.0
1.1450954E7,-1.63326272E8,0.0,-15183.54,-1064.5317,0.0,0.0,0.0,0.0
1.1450954E7,-1.6031288E8,0.0,-15323.443,-1094.5349,0.0,0.0,0.0,0.0
1.1450923E7,-1.59710192E8,0.0,-15351.888,-1100.7017,0.0,0.0,0.0,0.0
1.1450923E7,-1.59710192E8,0.0,-15351.888,-1100.7017,0.0,0.0,0.0,0.0
1.145096E7,-1.56696784E8,0.0,-15496.491,-1132.4401,0.0,0.0,0.0,0.0
1.1450986E7,-1.55491424E8,0.0,-15555.474,-1145.5648,0.0,0.0,0.0,0.0
1.5669663E7,-2.03103152E8,0.0,-13605.26,-1049.663,0.0,0.0,0.0,0.0
1.5669703E7,-1.97679024E8,0.0,-13787.25,-1092.8934,0.0,0.0,0.0,0.0
1.0245594E7,-1.53080704E8,0.0,-15688.527,-1050.0231,0.0,0.0,0.0,0.0
1.0245594E7,-1.53080704E8,0.0,-15688.527,-1050.0231,0.0,0.0,0.0,0.0
1.0245598E7,-1.5187536E8,0.0,-15749.82,-1062.4917,0.0,0.0,0.0,0.0
1.0245619E7,-1.50067328E8,0.0,-15843.109,-1081.6642,0.0,0.0,0.0,0.0
1.0245619E7,-1.50067328E8,0.0,-15843.109,-1081.6642,0.0,0.0,0.0,0.0
1.0245619E7,-1.50067328E8,0.0,-15843.109,-1081.6642,0.0,0.0,0.0,0.0
1.0245576E7,-1.47656608E8,0.0,-15970.088,-1108.1302,0.0,0.0,0.0,0.0
1.1450972E7,-1.61518224E8,0.0,-15267.024,-1082.3687,0.0,0.0,0.0,0.0
1.2656296E7,-1.89241504E8,0.0,-14110.305,-943.684,0.0,0.0,0.0,0.0
1.5067041E7,-2.0008976E8,0.0,-13710.209,-1032.3981,0.0,0.0,0.0,0.0
1.506704E7,-2.03103168E8,0.0,-13609.816,-1009.63293,0.0,0.0,0.0,0.0
1.0848278E7,-1.57299488E8,0.0,-15473.517,-1067.1428,0.0,0.0,0.0,0.0
1.1450935E7,-1.54888768E8,0.0,-15585.217,-1152.216,0.0,0.0,0.0,0.0
9642906.0,-1.47656592E8,0.0,-15976.645,-1043.3755,0.0,0.0,0.0,0.0
9642906.0,-1.47656592E8,0.0,-15976.645,-1043.3755,0.0,0.0,0.0,0.0
9642913.0,-1.4705392E8,0.0,-16008.932,-1049.7695,0.0,0.0,0.0,0.0
9642939.0,-1.45848544E8,0.0,-16074.091,-1062.7563,0.0,0.0,0.0,0.0
9642912.0,-1.446432E8,0.0,-16140.046,-1076.0066,0.0,0.0,0.0,0.0
-8.4375136E7,-2.13951424E8,0.0,-11946.929,4711.4604,0.0,0.0,0.0,0.0
-8.4375136E7,-2.13951424E8,0.0,-11946.929,4711.4604,0.0,0.0,0.0,0.0
-8.3169808E7,-2.13951408E8,0.0,-11981.254,4657.499,0.0,0.0,0.0,0.0
-8.3169816E7,-2.1334872E8,0.0,-11991.484,4674.645,0.0,0.0,0.0,0.0
-8.196444E7,-2.12143376E8,0.0,-12046.615,4654.3716,0.0,0.0,0.0,0.0
-8.196444E7,-2.12143376E8,0.0,-12046.615,4654.3716,0.0,0.0,0.0,0.0
-8.015644E7,-2.12143376E8,0.0,-12098.072,4571.1465,0.0,0.0,0.0,0.0
-7.8951072E7,-2.10938E8,0.0,-12153.924,4549.0396,0.0,0.0,0.0,0.0
-7.8348344E7,-2.10938016E8,0.0,-12170.989,4520.6494,0.0,0.0,0.0,0.0
-7.8348344E7,-2.10938016E8,0.0,-12170.989,4520.6494,0.0,0.0,0.0,0.0
-7.774568E7,-2.10335344E8,0.0,-12199.1455,4509.137,0.0,0.0,0.0,0.0
-7.7143016E7,-2.09732656E8,0.0,-12227.439,4497.4473,0.0,0.0,0.0,0.0
-7.533496E7,-2.07924608E8,0.0,-12313.15,4461.2837,0.0,0.0,0.0,0.0
-7.533496E7,-2.07924608E8,0.0,-12313.15,4461.2837,0.0,0.0,0.0,0.0
-7.5334968E7,-2.0732192E8,0.0,-12324.79,4478.483,0.0,0.0,0.0,0.0
-7.3526872E7,-2.06719264E8,0.0,-12388.137,4406.2705,0.0,0.0,0.0,0.0
-7.2321576E7,-2.049112E8,0.0,-12458.802,4397.2227,0.0,0.0,0.0,0.0
-7.1116192E7,-2.03103184E8,0.0,-12530.547,4387.547,0.0,0.0,0.0,0.0
-6.9308152E7,-2.01295136E8,0.0,-12620.891,4345.5127,0.0,0.0,0.0,0.0
-6.8102808E7,-2.00692448E8,0.0,-12668.711,4298.99,0.0,0.0,0.0,0.0
-6.7500096E7,-2.00089792E8,0.0,-12699.279,4284.0894,0.0,0.0,0.0,0.0
-6.7500096E7,-2.00089792E8,0.0,-12699.279,4284.0894,0.0,0.0,0.0,0.0
-6.5089424E7,-1.988844E8,0.0,-12795.45,4187.601,0.0,0.0,0.0,0.0
-6.5089424E7,-1.988844E8,0.0,-12795.45,4187.601,0.0,0.0,0.0,0.0
-6.3884036E7,-1.97076384E8,0.0,-12871.702,4172.475,0.0,0.0,0.0,0.0
-6.3281408E7,-1.9647368E8,0.0,-12903.162,4155.9272,0.0,0.0,0.0,0.0
-6.3281364E7,-1.95870992E8,0.0,-12917.387,4173.307,0.0,0.0,0.0,0.0
-6.3281364E7,-1.95870992E8,0.0,-12917.387,4173.307,0.0,0.0,0.0,0.0
-6.1473344E7,-1.94062976E8,0.0,-13013.099,4122.16,0.0,0.0,0.0,0.0
-6.1473344E7,-1.94062976E8,0.0,-13013.099,4122.16,0.0,0.0,0.0,0.0
-6.0267984E7,-1.93460272E8,0.0,-13062.698,4069.3757,0.0,0.0,0.0,0.0
-5.8459912E7,-1.928576E8,0.0,-13129.473,3979.8682,0.0,0.0,0.0,0.0
-5.7254532E7,-1.92254944E8,0.0,-13178.983,3924.7703,0.0,0.0,0.0,0.0
-5.7254576E7,-1.91652256E8,0.0,-13194.61,3941.7842,0.0,0.0,0.0,0.0
-5.6049192E7,-1.91652256E8,0.0,-13228.49,3868.706,0.0,0.0,0.0,0.0
-5.60492E7,-1.91049568E8,0.0,-13244.395,3885.5767,0.0,0.0,0.0,0.0
-5.4241152E7,-1.8924152E8,0.0,-13343.613,3824.5989,0.0,0.0,0.0,0.0
-5.4241136E7,-1.88638864E8,0.0,-13360.043,3841.5408,0.0,0.0,0.0,0.0
-5.4241164E7,-1.88036176E8,0.0,-13376.518,3858.608,0.0,0.0,0.0,0.0
-5.3638444E7,-1.88036192E8,0.0,-13393.574,3820.597,0.0,0.0,0.0,0.0
-5.3035828E7,-1.87433488E8,0.0,-13427.252,3799.3499,0.0,0.0,0.0,0.0
-5.3035828E7,-1.87433488E8,0.0,-13427.252,3799.3499,0.0,0.0,0.0,0.0
-5.1227796E7,-1.86830816E8,0.0,-13494.676,3700.1523,0.0,0.0,0.0,0.0
-5.1227796E7,-1.86830816E8,0.0,-13494.676,3700.1523,0.0,0.0,0.0,0.0
-5.0625132E7,-1.86228096E8,0.0,-13528.599,3677.6787,0.0,0.0,0.0,0.0
-4.8817088E7,-1.84420064E8,0.0,-13631.235,3608.2688,0.0,0.0,0.0,0.0
-4.8817088E7,-1.84420064E8,0.0,-13631.235,3608.2688,0.0,0.0,0.0,0.0
-4.8214368E7,-1.83817408E8,0.0,-13665.735,3584.453,0.0,0.0,0.0,0.0
-4.7008976E7,-1.83214752E8,0.0,-13716.752,3519.4246,0.0,0.0,0.0,0.0
-4.5201012E7,-1.81406656E8,0.0,-13821.399,3443.8716,0.0,0.0,0.0,0.0
-4.339296E7,-1.80201328E8,0.0,-13907.827,3349.042,0.0,0.0,0.0,0.0
-4.339296E7,-1.80201328E8,0.0,-13907.827,3349.042,0.0,0.0,0.0,0.0
-4.2187568E7,-1.78995952E8,0.0,-13978.725,3294.6465,0.0,0.0,0.0,0.0
-4.0982204E7,-1.7839328E8,0.0,-14029.981,3223.1008,0.0,0.0,0.0,0.0
-4.0379516E7,-1.7718792E8,0.0,-14086.065,3210.0862,0.0,0.0,0.0,0.0
-3.9174192E7,-1.76585248E8,0.0,-14137.509,3136.3064,0.0,0.0,0.0,0.0
-3.9174192E7,-1.76585248E8,0.0,-14137.509,3136.3064,0.0,0.0,0.0,0.0
-3.8571484E7,-1.76585248E8,0.0,-14152.713,3091.3743,0.0,0.0,0.0,0.0
-3.6160776E7,-1.74174512E8,0.0,-14297.516,2968.3403,0.0,0.0,0.0,0.0
-3.5558056E7,-1.74174528E8,0.0,-14312.18,2921.8584,0.0,0.0,0.0,0.0
-3.4352732E7,-1.72969152E8,0.0,-14385.103,2856.9692,0.0,0.0,0.0,0.0
-3.3147372E7,-1.72366496E8,0.0,-14435.882,2776.1287,0.0,0.0,0.0,0.0
-3.1942026E7,-1.71161136E8,0.0,-14509.247,2707.7102,0.0,0.0,0.0,0.0
-3.1339318E7,-1.70558448E8,0.0,-14546.084,2672.775,0.0,0.0,0.0,0.0
-2.9531278E7,-1.687504E8,0.0,-14657.178,2565.0022,0.0,0.0,0.0,0.0
-2.9531278E7,-1.687504E8,0.0,-14657.178,2565.0022,0.0,0.0,0.0,0.0
-2.8325912E7,-1.68147744E8,0.0,-14707.474,2477.5986,0.0,0.0,0.0,0.0
-2.71206E7,-1.66942368E8,0.0,-14781.895,2401.3906,0.0,0.0,0.0,0.0
-2.5915176E7,-1.66942384E8,0.0,-14806.721,2298.5103,0.0,0.0,0.0,0.0
-2.531255E7,-1.66339696E8,0.0,-14843.749,2258.8303,0.0,0.0,0.0,0.0
-2.531255E7,-1.66339696E8,0.0,-14843.749,2258.8303,0.0,0.0,0.0,0.0
-2.4107194E7,-1.65134336E8,0.0,-14918.007,2177.8103,0.0,0.0,0.0,0.0
-2.4107194E7,-1.65134336E8,0.0,-14918.007,2177.8103,0.0,0.0,0.0,0.0
-2.290181E7,-1.63928944E8,0.0,-14992.51,2094.539,0.0,0.0,0.0,0.0
-2.2299114E7,-1.63326272E8,0.0,-15029.843,2052.0408,0.0,0.0,0.0,0.0
-1.9888434E7,-1.6151824E8,0.0,-15152.557,1865.7993,0.0,0.0,0.0,0.0
-1.9888434E7,-1.6151824E8,0.0,-15152.557,1865.7993,0.0,0.0,0.0,0.0
-1.9888434E7,-1.6151824E8,0.0,-15152.557,1865.7993,0.0,0.0,0.0,0.0
-1.8080336E7,-1.59107536E8,0.0,-15292.332,1737.7588,0.0,0.0,0.0,0.0
-1.8080336E7,-1.59107536E8,0.0,-15292.332,1737.7588,0.0,0.0,0.0,0.0
-1.6875032E7,-1.58504832E8,0.0,-15339.312,1633.0818,0.0,0.0,0.0,0.0
-1.5669666E7,-1.5790216E8,0.0,-15385.5205,1526.806,0.0,0.0,0.0,0.0
-1.446426E7,-1.57299488E8,0.0,-15430.928,1418.9299,0.0,0.0,0.0,0.0
-1.446426E7,-1.57299488E8,0.0,-15430.928,1418.9299,0.0,0.0,0.0,0.0
-1.3861591E7,-1.56696816E8,0.0,-15467.823,1368.3025,0.0,0.0,0.0,0.0
-1.3258911E7,-1.566968E8,0.0,-15475.49,1309.4597,0.0,0.0,0.0,0.0
-1.3258911E7,-1.566968E8,0.0,-15475.49,1309.4597,0.0,0.0,0.0,0.0
-1.3258911E7,-1.566968E8,0.0,-15475.49,1309.4597,0.0,0.0,0.0,0.0
-1.2656263E7,-1.56094128E8,0.0,-15512.102,1257.7362,0.0,0.0,0.0,0.0
-1.1450858E7,-1.54888768E8,0.0,-15585.217,1152.2081,0.0,0.0,0.0,0.0
-9642898.0,-1.5428608E8,0.0,-15633.815,977.1153,0.0,0.0,0.0,0.0
-9040206.0,-1.53683392E8,0.0,-15669.662,921.7454,0.0,0.0,0.0,0.0
-6629458.5,-1.5187536E8,0.0,-15781.0,688.8509,0.0,0.0,0.0,0.0
-6026747.0,-1.51272688E8,0.0,-15816.172,630.1208,0.0,0.0,0.0,0.0
-4821440.0,-1.5067E8,0.0,-15854.461,507.34274,0.0,0.0,0.0,0.0
-1205312.8,-1.48259264E8,0.0,-15994.32,130.03004,0.0,0.0,0.0,0.0
-602619.56,-1.4705392E8,0.0,-16060.33,65.81442,0.0,0.0,0.0,0.0
1.7320399,-1.45245888E8,0.0,-16160.185,-1.9270828E-4,0.0,0.0,0.0,0.0
3013447.0,-1.4343784E8,0.0,-16256.335,-341.525,0.0,0.0,0.0,0.0
2410770.0,-1.44643184E8,0.0,-16190.443,-269.84634,0.0,0.0,0.0,0.0
602693.2,-1.4705392E8,0.0,-16060.33,-65.822464,0.0,0.0,0.0,0.0
6629487.5,-1.4223248E8,0.0,-16303.917,-759.9292,0.0,0.0,0.0,0.0
6629487.5,-1.4223248E8,0.0,-16303.917,-759.9292,0.0,0.0,0.0,0.0
9642910.0,-1.42232464E8,0.0,-16274.406,-1103.3533,0.0,0.0,0.0,0.0
9642910.0,-1.42232464E8,0.0,-16274.406,-1103.3533,0.0,0.0,0.0,0.0
9642910.0,-1.42232464E8,0.0,-16274.406,-1103.3533,0.0,0.0,0.0,0.0
9642910.0,-1.42232464E8,0.0,-16274.406,-1103.3533,0.0,0.0,0.0,0.0
5424160.5,-1.42835152E8,0.0,-16278.384,-618.1711,0.0,0.0,0.0,0.0
7834873.5,-1.41629808E8,0.0,-16327.724,-903.23956,0.0,0.0,0.0,0.0
8437535.0,-1.40424448E8,0.0,-16390.908,-984.86316,0.0,0.0,0.0,0.0
8437535.0,-1.40424448E8,0.0,-16390.908,-984.86316,0.0,0.0,0.0,0.0
8437572.0,-1.4102712E8,0.0,-16356.225,-978.5837,0.0,0.0,0.0,0.0
7834862.5,-1.386164E8,0.0,-16502.584,-932.75745,0.0,0.0,0.0,0.0
7834862.5,-1.386164E8,0.0,-16502.584,-932.75745,0.0,0.0,0.0,0.0
7834865.0,-1.38013728E8,0.0,-16538.232,-938.85455,0.0,0.0,0.0,0.0
7834827.5,-1.35603008E8,0.0,-16683.15,-963.91376,0.0,0.0,0.0,0.0
7834827.5,-1.35603008E8,0.0,-16683.15,-963.91376,0.0,0.0,0.0,0.0
7834848.5,-1.33192288E8,0.0,-16831.918,-990.1139,0.0,0.0,0.0,0.0
7834848.5,-1.33192288E8,0.0,-16831.918,-990.1139,0.0,0.0,0.0,0.0
7834848.5,-1.33192288E8,0.0,-16831.918,-990.1139,0.0,0.0,0.0,0.0
7834848.5,-1.33192288E8,0.0,-16831.918,-990.1139,0.0,0.0,0.0,0.0
7834869.5,-1.3198692E8,0.0,-16907.797,-1003.66296,0.0,0.0,0.0,0.0
7834851.0,-1.3078156E8,0.0,-16984.707,-1017.5184,0.0,0.0,0.0,0.0
7834878.0,-1.3017888E8,0.0,-17023.553,-1024.5707,0.0,0.0,0.0,0.0
7834858.5,-1.2897352E8,0.0,-17102.049,-1038.912,0.0,0.0,0.0,0.0
7834865.5,-1.28370848E8,0.0,-17141.703,-1046.2104,0.0,0.0,0.0,0.0
7834865.5,-1.28370848E8,0.0,-17141.703,-1046.2104,0.0,0.0,0.0,0.0
7232185.5,-1.25960112E8,0.0,-17310.504,-993.90814,0.0,0.0,0.0,0.0
7232155.0,-1.24754768E8,0.0,-17393.096,-1008.2947,0.0,0.0,0.0,0.0
6629501.0,-1.2174136E8,0.0,-17612.242,-959.08563,0.0,0.0,0.0,0.0
6629501.0,-1.2174136E8,0.0,-17612.242,-959.08563,0.0,0.0,0.0,0.0
6629531.0,-1.21138672E8,0.0,-17655.61,-966.23486,0.0,0.0,0.0,0.0
6629501.5,-1.17522592E8,0.0,-17922.668,-1011.02563,0.0,0.0,0.0,0.0
6629501.5,-1.17522592E8,0.0,-17922.668,-1011.02563,0.0,0.0,0.0,0.0
6629502.0,-1.16317232E8,0.0,-18014.4,-1026.731,0.0,0.0,0.0,0.0
9040217.0,-1.39219088E8,0.0,-16454.258,-1068.4603,0.0,0.0,0.0,0.0
9040217.0,-1.39219088E8,0.0,-16454.258,-1068.4603,0.0,0.0,0.0,0.0
9040257.0,-1.36808352E8,0.0,-16596.738,-1096.7078,0.0,0.0,0.0,0.0
9040206.0,-1.3500032E8,0.0,-16706.04,-1118.7086,0.0,0.0,0.0,0.0
9040229.0,-1.31986904E8,0.0,-16893.059,-1157.0626,0.0,0.0,0.0,0.0
8437530.0,-1.3078156E8,0.0,-16977.432,-1095.3195,0.0,0.0,0.0,0.0
7834884.5,-1.2716548E8,0.0,-17221.838,-1061.0671,0.0,0.0,0.0,0.0
7834884.0,-1.2415208E8,0.0,-17427.16,-1099.7786,0.0,0.0,0.0,0.0
7834838.5,-1.2113868E8,0.0,-17639.943,-1140.8916,0.0,0.0,0.0,0.0
7834873.0,-1.19330648E8,0.0,-17771.379,-1166.8126,0.0,0.0,0.0,0.0
6629474.0,-1.1571456E8,0.0,-18060.795,-1034.7322,0.0,0.0,0.0,0.0
6629474.0,-1.1571456E8,0.0,-18060.795,-1034.7322,0.0,0.0,0.0,0.0
-8.5580528E7,-2.15156784E8,0.0,-11892.676,4730.418,0.0,0.0,0.0,0.0
-8.6183192E7,-2.15759472E8,0.0,-11865.752,4739.6685,0.0,0.0,0.0,0.0
-8.6785944E7,-2.17567472E8,0.0,-11819.698,4714.784,0.0,0.0,0.0,0.0
-8.6785944E7,-2.17567472E8,0.0,-11819.698,4714.784,0.0,0.0,0.0,0.0
-8.8593968E7,-2.1937552E8,0.0,-11740.691,4741.4336,0.0,0.0,0.0,0.0
-9.763412E7,-2.28415728E8,0.0,-11362.602,4856.8354,0.0,0.0,0.0,0.0
-9.8839424E7,-2.29621136E8,0.0,-11314.246,4870.168,0.0,0.0,0.0,0.0
-8.9196624E7,-2.2058088E8,0.0,-11705.364,4733.3154,0.0,0.0,0.0,0.0
-8.9799224E7,-2.1997824E8,0.0,-11697.823,4775.27,0.0,0.0,0.0,0.0
-9.1607344E7,-2.22388944E8,0.0,-11611.57,4783.0845,0.0,0.0,0.0,0.0
-9.1607344E7,-2.22388944E8,0.0,-11611.57,4783.0845,0.0,0.0,0.0,0.0
-9.2210016E7,-2.22991632E8,0.0,-11586.123,4791.0166,0.0,0.0,0.0,0.0
-9.2210008E7,-2.23594304E8,0.0,-11577.325,4774.474,0.0,0.0,0.0,0.0
-9.2812632E7,-2.24196992E8,0.0,-11552.091,4782.3115,0.0,0.0,0.0,0.0
-9.4018056E7,-2.25402336E8,0.0,-11501.985,4797.618,0.0,0.0,0.0,0.0
-9.5223368E7,-2.26607712E8,0.0,-11452.366,4812.4263,0.0,0.0,0.0,0.0
-9.5223368E7,-2.26607712E8,0.0,-11452.366,4812.4263,0.0,0.0,0.0,0.0
-9.6428736E7,-2.27210368E8,0.0,-11411.432,4843.045,0.0,0.0,0.0,0.0
-9.8236776E7,-2.3022376E8,0.0,-11322.43,4831.2954,0.0,0.0,0.0,0.0
-9.8236776E7,-2.3022376E8,0.0,-11322.43,4831.2954,0.0,0.0,0.0,0.0
-9.944216E7,-2.3142912E8,0.0,-11274.618,4844.561,0.0,0.0,0.0,0.0
-9.944216E7,-2.3142912E8,0.0,-11274.618,4844.561,0.0,0.0,0.0,0.0
-1.01852944E8,-2.32031792E8,0.0,-11202.879,4917.629,0.0,0.0,0.0,0.0
-1.03660864E8,-2.34442592E8,0.0,-11125.424,4919.2046,0.0,0.0,0.0,0.0
-1.0245556E8,-2.33237184E8,0.0,-11171.948,4907.572,0.0,0.0,0.0,0.0
-1.00647552E8,-2.31429136E8,0.0,-11242.581,4889.351,0.0,0.0,0.0,0.0
-9.8839424E7,-2.29621136E8,0.0,-11314.246,4870.168,0.0,0.0,0.0,0.0
-9.582612E7,-2.27813024E8,0.0,-11419.443,4803.417,0.0,0.0,0.0,0.0
-6.1473344E7,-1.94062976E8,0.0,-13013.099,4122.16,0.0,0.0,0.0,0.0
-1.0245517E7,-1.53683408E8,0.0,-15658.144,1043.872,0.0,0.0,0.0,0.0
-6629474.0,-1.50067328E8,0.0,-15875.232,701.3148,0.0,0.0,0.0,0.0
-3616077.8,-1.50067312E8,0.0,-15891.544,382.92853,0.0,0.0,0.0,0.0
-2410697.2,-1.50067312E8,0.0,-15895.388,255.3452,0.0,0.0,0.0,0.0
-2410711.0,-1.4946464E8,0.0,-15927.378,256.89224,0.0,0.0,0.0,0.0
6629485.5,-1.1390652E8,0.0,-18202.14,-1059.3846,0.0,0.0,0.0,0.0
6629485.5,-1.1390652E8,0.0,-18202.14,-1059.3846,0.0,0.0,0.0,0.0
6629487.5,-1.12701168E8,0.0,-18298.223,-1076.3672,0.0,0.0,0.0,0.0
6629476.0,-1.084824E8,0.0,-18646.807,-1139.5264,0.0,0.0,0.0,0.0
6629476.0,-1.084824E8,0.0,-18646.807,-1139.5264,0.0,0.0,0.0,0.0
6629490.0,-1.12098472E8,0.0,-18346.834,-1085.0295,0.0,0.0,0.0,0.0
6629516.5,-1.18727952E8,0.0,-17832.316,-995.71857,0.0,0.0,0.0,0.0
6629516.5,-1.18727952E8,0.0,-17832.316,-995.71857,0.0,0.0,0.0,0.0
6629491.0,-1.10290448E8,0.0,-18495.008,-1111.7235,0.0,0.0,0.0,0.0
6629484.0,-1.0968776E8,0.0,-18545.197,-1120.8643,0.0,0.0,0.0,0.0
5.6049332E7,-2.51317536E8,0.0,-11846.113,-2641.9436,0.0,0.0,0.0,0.0
6.20761E7,-2.53728272E8,0.0,-11705.191,-2863.7432,0.0,0.0,0.0,0.0
5.6652032E7,-2.531256E8,0.0,-11800.761,-2641.1282,0.0,0.0,0.0,0.0
5.9062692E7,-2.52522928E8,0.0,-11776.05,-2754.3052,0.0,0.0,0.0,0.0
5.9062692E7,-2.52522928E8,0.0,-11776.05,-2754.3052,0.0,0.0,0.0,0.0
5.9062668E7,-2.53728256E8,0.0,-11752.38,-2735.71,0.0,0.0,0.0,0.0
5.6652012E7,-2.53728272E8,0.0,-11788.739,-2632.1694,0.0,0.0,0.0,0.0
-1.05468896E8,-2.36853296E8,0.0,-11049.393,4920.2075,0.0,0.0,0.0,0.0
-1.06071696E8,-2.36853248E8,0.0,-11033.699,4941.3013,0.0,0.0,0.0,0.0
-1.07276976E8,-2.38058624E8,0.0,-10988.494,4951.774,0.0,0.0,0.0,0.0
-1.07276976E8,-2.38058624E8,0.0,-10988.494,4951.774,0.0,0.0,0.0,0.0
-1.07879664E8,-2.38058624E8,0.0,-10972.846,4972.502,0.0,0.0,0.0,0.0
-1.07879664E8,-2.38661312E8,0.0,-10966.051,4956.873,0.0,0.0,0.0,0.0
-1.04866264E8,-2.36853264E8,0.0,-11065.045,4899.0244,0.0,0.0,0.0,0.0
-1.02455496E8,-2.35045232E8,0.0,-11149.634,4860.0913,0.0,0.0,0.0,0.0
-9.8236816E7,-2.30826448E8,0.0,-11314.456,4815.2896,0.0,0.0,0.0,0.0
-9.6428792E7,-2.29018432E8,0.0,-11386.801,4794.4414,0.0,0.0,0.0,0.0
-9.3415376E7,-2.25402352E8,0.0,-11518.35,4773.6455,0.0,0.0,0.0,0.0
-9.2209984E7,-2.24196992E8,0.0,-11568.525,4758.019,0.0,0.0,0.0,0.0
-9.1004656E7,-2.229916E8,0.0,-11619.189,4741.884,0.0,0.0,0.0,0.0
-8.8593976E7,-2.20580864E8,0.0,-11722.007,4708.0205,0.0,0.0,0.0,0.0
-8.79912E7,-2.19978224E8,0.0,-11748.028,4699.2065,0.0,0.0,0.0,0.0
-8.738852E7,-2.1756752E8,0.0,-11802.769,4740.719,0.0,0.0,0.0,0.0
-8.4977856E7,-2.13951392E8,0.0,-11929.667,4738.261,0.0,0.0,0.0,0.0
-8.256712E7,-2.12143376E8,0.0,-12029.322,4681.8643,0.0,0.0,0.0,0.0
-8.075908E7,-2.10938016E8,0.0,-12102.294,4633.4473,0.0,0.0,0.0,0.0
-7.8951072E7,-2.0973264E8,0.0,-12175.867,4583.444,0.0,0.0,0.0,0.0
-7.5937624E7,-2.07321936E8,0.0,-12307.499,4507.9756,0.0,0.0,0.0,0.0
-7.1718856E7,-2.02500496E8,0.0,-12525.504,4436.1113,0.0,0.0,0.0,0.0
-6.8102752E7,-2.00089792E8,0.0,-12681.853,4316.4077,0.0,0.0,0.0,0.0
-7.3526896E7,-2.049112E8,0.0,-12424.127,4458.065,0.0,0.0,0.0,0.0
-7.4732344E7,-2.0611656E8,0.0,-12365.525,4483.4087,0.0,0.0,0.0,0.0
-6.6294752E7,-1.98281744E8,0.0,-12774.4,4271.0723,0.0,0.0,0.0,0.0
-6.1473332E7,-1.95268336E8,0.0,-12983.805,4087.4917,0.0,0.0,0.0,0.0
-6.026794E7,-1.94665664E8,0.0,-13032.872,4034.9404,0.0,0.0,0.0,0.0
-5.6651868E7,-1.91049568E8,0.0,-13227.4,3922.3167,0.0,0.0,0.0,0.0
-5.5446536E7,-1.89844208E8,0.0,-13293.425,3882.522,0.0,0.0,0.0,0.0
-5.4241136E7,-1.88638864E8,0.0,-13360.043,3841.5408,0.0,0.0,0.0,0.0
-5.36385E7,-1.87433488E8,0.0,-13410.214,3837.6482,0.0,0.0,0.0,0.0
-4.8817084E7,-1.82612048E8,0.0,-13685.178,3658.414,0.0,0.0,0.0,0.0
-4.4598268E7,-1.80201328E8,0.0,-13875.715,3434.119,0.0,0.0,0.0,0.0
-3.977684E7,-1.77187936E8,0.0,-14101.538,3165.6477,0.0,0.0,0.0,0.0
-2.8325914E7,-1.687504E8,0.0,-14683.353,2464.7017,0.0,0.0,0.0,0.0
-3.8571516E7,-1.7357184E8,0.0,-14257.985,3168.441,0.0,0.0,0.0,0.0
-3.616074E7,-1.75379888E8,0.0,-14254.351,2939.0364,0.0,0.0,0.0,0.0
-3.7968768E7,-1.77187936E8,0.0,-14146.788,3031.4487,0.0,0.0,0.0,0.0
-3.7968768E7,-1.77187936E8,0.0,-14146.788,3031.4487,0.0,0.0,0.0,0.0
-2.169641E7,-1.63326288E8,0.0,-15040.852,1998.04,0.0,0.0,0.0,0.0
-1.8080354E7,-1.61518256E8,0.0,-15182.082,1699.4823,0.0,0.0,0.0,0.0
-1.1450906E7,-1.54286064E8,0.0,-15615.13,1158.9342,0.0,0.0,0.0,0.0
-1.0848229E7,-1.53683392E8,0.0,-15651.855,1104.8358,0.0,0.0,0.0,0.0
-3616031.8,-1.4946464E8,0.0,-15923.495,385.2407,0.0,0.0,0.0,0.0
-3013358.5,-1.4946464E8,0.0,-15925.63,321.07678,0.0,0.0,0.0,0.0
1.7392267,-1.4584856E8,0.0,-16126.761,-1.923097E-4,0.0,0.0,0.0,0.0
1808108.4,-1.44643216E8,0.0,-16191.918,-202.40663,0.0,0.0,0.0,0.0
3013464.8,-1.44040496E8,0.0,-16222.336,-339.38675,0.0,0.0,0.0,0.0
5424174.0,-1.41629792E8,0.0,-16347.204,-626.0694,0.0,0.0,0.0,0.0
6026843.5,-1.4102712E8,0.0,-16377.688,-699.90625,0.0,0.0,0.0,0.0
6026847.0,-1.40424432E8,0.0,-16412.602,-704.409,0.0,0.0,0.0,0.0
7834873.0,-1.19330648E8,0.0,-17771.379,-1166.8126,0.0,0.0,0.0,0.0
7834873.0,-1.19330648E8,0.0,-17771.379,-1166.8126,0.0,0.0,0.0,0.0
-1.09687792E8,-2.3986664E8,0.0,-10905.955,4987.147,0.0,0.0,0.0,0.0
-1.10290416E8,-2.41072E8,0.0,-10877.339,4976.3813,0.0,0.0,0.0,0.0
-1.07879664E8,-2.38661312E8,0.0,-10966.051,4956.873,0.0,0.0,0.0,0.0
6629494.5,-1.0607168E8,0.0,-18855.092,-1178.4459,0.0,0.0,0.0,0.0
6629494.5,-1.0607168E8,0.0,-18855.092,-1178.4459,0.0,0.0,0.0,0.0
6026849.0,-1.0908508E8,0.0,-18604.707,-1027.8927,0.0,0.0,0.0,0.0
6026849.0,-1.0908508E8,0.0,-18604.707,-1027.8927,0.0,0.0,0.0,0.0
5424126.5,-1.09687768E8,0.0,-18561.95,-917.8996,0.0,0.0,0.0,0.0
4218792.0,-1.05468992E8,0.0,-18941.53,-757.66705,0.0,0.0,0.0,0.0
